day,month_year,num0,num1,num2,num3,num4,chance
MERCREDI,28/12/2022,29,1,3,35,8,8
LUNDI   ,26/12/2022,6,23,32,49,48,4
SAMEDI  ,24/12/2022,12,41,47,46,6,6
MERCREDI,21/12/2022,11,22,15,12,21,7
LUNDI   ,19/12/2022,43,35,6,31,36,4
SAMEDI  ,17/12/2022,46,27,42,23,8,3
MERCREDI,14/12/2022,15,37,4,20,6,10
LUNDI   ,12/12/2022,46,25,47,2,35,10
SAMEDI  ,10/12/2022,6,43,29,13,27,2
MERCREDI,07/12/2022,2,12,38,15,10,5
LUNDI   ,05/12/2022,36,45,9,24,17,7
SAMEDI  ,03/12/2022,32,19,34,26,27,9
MERCREDI,30/11/2022,44,18,28,49,30,5
LUNDI   ,28/11/2022,24,46,9,2,13,6
SAMEDI  ,26/11/2022,5,7,28,23,2,5
MERCREDI,23/11/2022,46,36,45,15,19,4
LUNDI   ,21/11/2022,45,33,47,15,23,7
SAMEDI  ,19/11/2022,40,24,19,1,28,8
MERCREDI,16/11/2022,1,8,48,38,3,1
LUNDI   ,14/11/2022,28,23,34,44,14,5
SAMEDI  ,12/11/2022,14,44,34,25,4,7
MERCREDI,09/11/2022,15,2,1,41,30,9
LUNDI   ,07/11/2022,24,8,9,40,31,7
SAMEDI  ,05/11/2022,40,6,38,23,32,10
MERCREDI,02/11/2022,45,7,38,4,26,2
LUNDI   ,31/10/2022,34,25,45,44,4,7
SAMEDI  ,29/10/2022,33,28,48,44,26,4
MERCREDI,26/10/2022,45,30,4,2,23,5
LUNDI   ,24/10/2022,43,28,33,37,29,1
SAMEDI  ,22/10/2022,12,2,25,35,7,10
MERCREDI,19/10/2022,35,16,38,46,25,8
LUNDI   ,17/10/2022,38,49,20,16,40,2
SAMEDI  ,15/10/2022,31,16,27,24,46,1
MERCREDI,12/10/2022,17,44,7,40,39,3
LUNDI   ,10/10/2022,19,40,32,13,46,7
SAMEDI  ,08/10/2022,17,20,48,16,34,7
MERCREDI,05/10/2022,32,23,39,35,14,7
LUNDI   ,03/10/2022,20,40,31,7,23,1
SAMEDI  ,01/10/2022,8,7,35,36,26,2
MERCREDI,28/09/2022,12,39,26,14,29,10
LUNDI   ,26/09/2022,29,49,35,18,39,1
SAMEDI  ,24/09/2022,25,6,32,7,4,10
MERCREDI,21/09/2022,3,12,22,9,37,10
LUNDI   ,19/09/2022,5,7,44,15,33,1
SAMEDI  ,17/09/2022,12,17,1,20,3,3
MERCREDI,14/09/2022,40,10,38,26,45,1
LUNDI   ,12/09/2022,4,49,20,7,21,10
SAMEDI  ,10/09/2022,25,3,8,49,24,5
MERCREDI,07/09/2022,20,35,30,3,29,9
LUNDI   ,05/09/2022,5,1,35,27,40,4
SAMEDI  ,03/09/2022,35,24,44,38,32,6
MERCREDI,31/08/2022,9,39,10,15,45,7
LUNDI   ,29/08/2022,5,10,28,34,22,4
SAMEDI  ,27/08/2022,32,39,22,11,34,3
MERCREDI,24/08/2022,39,42,36,27,22,10
LUNDI   ,22/08/2022,39,46,2,9,44,9
SAMEDI  ,20/08/2022,21,38,17,1,46,2
MERCREDI,17/08/2022,16,5,14,29,17,3
LUNDI   ,15/08/2022,34,4,48,42,22,3
SAMEDI  ,13/08/2022,17,38,37,11,39,2
MERCREDI,10/08/2022,15,35,11,28,9,2
LUNDI   ,08/08/2022,41,22,3,37,40,2
SAMEDI  ,06/08/2022,37,28,23,38,6,1
MERCREDI,03/08/2022,45,10,5,40,32,5
LUNDI   ,01/08/2022,38,1,4,23,30,6
SAMEDI  ,30/07/2022,14,21,24,2,38,6
MERCREDI,27/07/2022,13,43,31,47,46,10
LUNDI   ,25/07/2022,26,42,13,7,24,2
SAMEDI  ,23/07/2022,15,47,39,25,41,9
MERCREDI,20/07/2022,29,21,31,47,17,4
LUNDI   ,18/07/2022,18,29,49,37,5,8
SAMEDI  ,16/07/2022,3,33,4,49,14,3
MERCREDI,13/07/2022,30,48,7,31,46,3
LUNDI   ,11/07/2022,10,5,49,47,1,1
SAMEDI  ,09/07/2022,37,24,34,9,8,2
MERCREDI,06/07/2022,43,16,10,25,44,4
LUNDI   ,04/07/2022,18,20,4,12,26,8
SAMEDI  ,02/07/2022,32,20,22,46,34,9
MERCREDI,29/06/2022,16,47,43,24,26,9
LUNDI   ,27/06/2022,34,31,36,24,37,1
SAMEDI  ,25/06/2022,2,47,40,31,49,9
MERCREDI,22/06/2022,17,40,10,27,23,2
LUNDI   ,20/06/2022,27,47,23,48,14,3
SAMEDI  ,18/06/2022,31,1,12,32,28,9
MERCREDI,15/06/2022,11,37,44,13,21,6
LUNDI   ,13/06/2022,44,45,46,43,31,10
SAMEDI  ,11/06/2022,7,28,4,11,10,8
MERCREDI,08/06/2022,38,33,39,27,26,5
LUNDI   ,06/06/2022,20,5,22,23,18,5
SAMEDI  ,04/06/2022,9,23,17,42,6,5
MERCREDI,01/06/2022,33,4,35,22,2,7
LUNDI   ,30/05/2022,22,12,38,13,14,2
SAMEDI  ,28/05/2022,20,27,21,26,7,7
MERCREDI,25/05/2022,37,30,24,27,45,10
LUNDI   ,23/05/2022,30,26,48,41,47,6
SAMEDI  ,21/05/2022,1,12,41,7,21,4
MERCREDI,18/05/2022,14,23,22,45,36,7
LUNDI   ,16/05/2022,21,33,4,14,32,1
SAMEDI  ,14/05/2022,4,44,29,32,24,4
MERCREDI,11/05/2022,23,45,7,2,46,10
LUNDI   ,09/05/2022,6,33,7,9,15,2
SAMEDI  ,07/05/2022,23,37,38,7,15,3
MERCREDI,04/05/2022,37,30,17,12,41,2
LUNDI   ,02/05/2022,46,20,13,47,8,7
SAMEDI  ,30/04/2022,6,27,5,21,47,9
MERCREDI,27/04/2022,8,13,1,43,31,10
LUNDI   ,25/04/2022,31,36,42,23,8,7
SAMEDI  ,23/04/2022,44,20,11,9,42,4
MERCREDI,20/04/2022,45,46,4,13,33,7
LUNDI   ,18/04/2022,10,39,33,9,47,5
SAMEDI  ,16/04/2022,4,41,30,27,21,6
MERCREDI,13/04/2022,36,29,44,46,35,8
LUNDI   ,11/04/2022,32,3,22,18,17,10
SAMEDI  ,09/04/2022,3,15,13,29,40,10
MERCREDI,06/04/2022,6,20,48,12,38,7
LUNDI   ,04/04/2022,23,22,33,36,10,6
SAMEDI  ,02/04/2022,15,6,11,28,24,10
MERCREDI,30/03/2022,12,34,16,26,10,7
LUNDI   ,28/03/2022,16,48,21,5,26,10
SAMEDI  ,26/03/2022,40,10,37,34,12,5
MERCREDI,23/03/2022,20,2,29,39,18,10
LUNDI   ,21/03/2022,10,26,46,35,5,9
SAMEDI  ,19/03/2022,44,38,33,49,41,7
MERCREDI,16/03/2022,1,49,12,39,24,3
LUNDI   ,14/03/2022,11,5,32,49,9,6
SAMEDI  ,12/03/2022,16,47,33,21,5,5
MERCREDI,09/03/2022,32,8,21,41,25,4
LUNDI   ,07/03/2022,8,27,29,15,41,4
SAMEDI  ,05/03/2022,37,26,36,14,1,3
MERCREDI,02/03/2022,46,4,3,43,22,6
LUNDI   ,28/02/2022,43,9,21,36,27,2
SAMEDI  ,26/02/2022,29,39,28,22,30,3
MERCREDI,23/02/2022,33,15,6,12,14,8
LUNDI   ,21/02/2022,2,6,10,32,17,5
SAMEDI  ,19/02/2022,32,24,49,39,40,1
MERCREDI,16/02/2022,22,24,41,21,32,2
LUNDI   ,14/02/2022,26,13,29,15,20,5
SAMEDI  ,12/02/2022,45,22,28,40,37,10
MERCREDI,09/02/2022,44,48,31,46,21,1
LUNDI   ,07/02/2022,37,15,18,31,46,3
SAMEDI  ,05/02/2022,48,31,24,11,38,9
MERCREDI,02/02/2022,11,37,49,28,40,4
LUNDI   ,31/01/2022,25,32,31,36,10,8
SAMEDI  ,29/01/2022,42,29,25,46,8,9
MERCREDI,26/01/2022,14,16,33,38,45,10
LUNDI   ,24/01/2022,15,38,7,4,40,2
SAMEDI  ,22/01/2022,26,3,39,17,30,8
MERCREDI,19/01/2022,44,27,41,8,43,6
LUNDI   ,17/01/2022,4,27,5,15,22,9
SAMEDI  ,15/01/2022,19,10,30,13,47,8
MERCREDI,12/01/2022,23,20,1,26,44,4
LUNDI   ,10/01/2022,14,43,34,41,35,9
SAMEDI  ,08/01/2022,22,42,43,17,25,10
MERCREDI,05/01/2022,17,45,30,32,6,4
LUNDI   ,03/01/2022,33,36,34,38,22,5
SAMEDI  ,01/01/2022,30,36,14,6,39,5
MERCREDI,29/12/2021,21,18,33,49,48,7
LUNDI   ,27/12/2021,32,20,6,12,14,8
SAMEDI  ,25/12/2021,6,25,48,21,37,10
MERCREDI,22/12/2021,41,20,46,11,24,1
LUNDI   ,20/12/2021,22,23,12,47,25,1
SAMEDI  ,18/12/2021,10,46,2,31,38,8
MERCREDI,15/12/2021,34,47,11,37,38,8
LUNDI   ,13/12/2021,23,38,36,18,19,1
SAMEDI  ,11/12/2021,16,45,34,42,26,9
MERCREDI,08/12/2021,28,26,1,30,16,4
LUNDI   ,06/12/2021,29,16,36,7,15,6
SAMEDI  ,04/12/2021,23,18,34,5,44,5
MERCREDI,01/12/2021,26,18,3,49,46,6
LUNDI   ,29/11/2021,30,26,35,44,31,4
SAMEDI  ,27/11/2021,25,28,46,12,27,4
MERCREDI,24/11/2021,14,34,39,24,47,8
LUNDI   ,22/11/2021,19,12,8,41,16,5
SAMEDI  ,20/11/2021,44,9,18,17,42,8
MERCREDI,17/11/2021,37,40,36,4,43,6
LUNDI   ,15/11/2021,34,7,8,41,42,8
SAMEDI  ,13/11/2021,39,13,12,31,26,6
MERCREDI,10/11/2021,31,12,9,40,41,2
LUNDI   ,08/11/2021,44,32,11,48,7,3
SAMEDI  ,06/11/2021,19,2,18,22,4,3
MERCREDI,03/11/2021,7,39,31,38,42,10
LUNDI   ,01/11/2021,47,27,26,43,1,6
SAMEDI  ,30/10/2021,46,11,43,12,30,9
MERCREDI,27/10/2021,41,16,44,27,15,9
LUNDI   ,25/10/2021,31,48,43,37,3,10
SAMEDI  ,23/10/2021,6,36,35,10,48,9
MERCREDI,20/10/2021,26,35,16,22,42,4
LUNDI   ,18/10/2021,41,27,36,35,9,6
SAMEDI  ,16/10/2021,23,15,46,5,37,10
MERCREDI,13/10/2021,21,20,19,43,49,10
LUNDI   ,11/10/2021,26,7,1,9,28,3
SAMEDI  ,09/10/2021,22,29,19,15,34,3
MERCREDI,06/10/2021,44,34,20,8,41,2
LUNDI   ,04/10/2021,44,15,5,19,7,1
SAMEDI  ,02/10/2021,6,46,35,20,8,9
MERCREDI,29/09/2021,6,39,28,13,33,10
LUNDI   ,27/09/2021,12,26,31,40,37,3
SAMEDI  ,25/09/2021,20,35,49,18,16,1
MERCREDI,22/09/2021,5,40,13,14,9,1
LUNDI   ,20/09/2021,12,10,45,15,31,5
SAMEDI  ,18/09/2021,39,38,21,2,9,2
MERCREDI,15/09/2021,48,22,4,30,27,7
LUNDI   ,13/09/2021,4,30,24,21,40,4
SAMEDI  ,11/09/2021,5,3,49,33,15,8
MERCREDI,08/09/2021,7,34,27,12,15,4
LUNDI   ,06/09/2021,3,31,36,13,40,9
SAMEDI  ,04/09/2021,41,49,30,45,35,3
MERCREDI,01/09/2021,49,27,32,24,17,7
LUNDI   ,30/08/2021,32,34,18,44,3,9
SAMEDI  ,28/08/2021,48,43,46,11,8,9
MERCREDI,25/08/2021,19,9,29,26,3,8
LUNDI   ,23/08/2021,13,22,31,11,21,6
SAMEDI  ,21/08/2021,46,8,2,19,29,2
MERCREDI,18/08/2021,4,7,12,24,25,2
LUNDI   ,16/08/2021,22,27,13,10,49,4
SAMEDI  ,14/08/2021,4,28,42,49,35,7
MERCREDI,11/08/2021,43,13,21,5,6,4
LUNDI   ,09/08/2021,37,43,45,28,38,3
SAMEDI  ,07/08/2021,7,24,36,6,47,10
MERCREDI,04/08/2021,21,36,22,20,44,10
LUNDI   ,02/08/2021,24,44,46,42,7,2
SAMEDI  ,31/07/2021,22,6,46,7,17,3
MERCREDI,28/07/2021,1,28,3,29,8,6
LUNDI   ,26/07/2021,42,5,34,21,37,10
SAMEDI  ,24/07/2021,24,40,5,31,22,9
MERCREDI,21/07/2021,27,25,6,37,32,9
LUNDI   ,19/07/2021,3,28,15,4,2,5
SAMEDI  ,17/07/2021,31,8,47,11,17,6
MERCREDI,14/07/2021,36,18,38,31,29,10
LUNDI   ,12/07/2021,38,31,8,37,30,1
SAMEDI  ,10/07/2021,43,3,38,42,46,1
MERCREDI,07/07/2021,37,18,8,44,46,2
LUNDI   ,05/07/2021,43,36,3,32,45,2
SAMEDI  ,03/07/2021,33,48,13,2,19,2
MERCREDI,30/06/2021,8,44,6,48,31,9
LUNDI   ,28/06/2021,4,28,48,8,15,1
SAMEDI  ,26/06/2021,37,24,38,13,45,6
MERCREDI,23/06/2021,1,16,6,3,40,1
LUNDI   ,21/06/2021,44,21,25,18,47,10
SAMEDI  ,19/06/2021,3,44,46,27,14,6
MERCREDI,16/06/2021,22,23,35,46,3,9
LUNDI   ,14/06/2021,40,12,47,21,19,7
SAMEDI  ,12/06/2021,9,2,5,29,10,1
MERCREDI,09/06/2021,16,33,41,2,24,8
LUNDI   ,07/06/2021,6,28,34,7,11,8
SAMEDI  ,05/06/2021,45,16,6,37,25,9
MERCREDI,02/06/2021,33,34,25,3,26,6
LUNDI   ,31/05/2021,25,3,13,32,47,9
SAMEDI  ,29/05/2021,32,4,36,44,9,3
MERCREDI,26/05/2021,20,1,22,5,42,6
LUNDI   ,24/05/2021,11,44,47,29,7,9
SAMEDI  ,22/05/2021,9,2,45,19,7,10
MERCREDI,19/05/2021,28,17,41,3,23,3
LUNDI   ,17/05/2021,23,42,3,17,47,4
SAMEDI  ,15/05/2021,7,31,29,24,47,3
MERCREDI,12/05/2021,19,11,22,36,9,1
LUNDI   ,10/05/2021,44,12,13,17,27,10
SAMEDI  ,08/05/2021,41,35,40,6,24,6
MERCREDI,05/05/2021,36,48,46,41,8,6
LUNDI   ,03/05/2021,44,8,11,48,37,6
SAMEDI  ,01/05/2021,27,25,5,34,38,7
MERCREDI,28/04/2021,4,15,10,49,12,6
LUNDI   ,26/04/2021,2,34,41,32,8,6
SAMEDI  ,24/04/2021,41,12,26,42,36,7
MERCREDI,21/04/2021,45,31,6,49,39,4
LUNDI   ,19/04/2021,49,17,36,44,27,1
SAMEDI  ,17/04/2021,38,37,17,34,30,1
MERCREDI,14/04/2021,27,25,20,23,47,6
LUNDI   ,12/04/2021,43,14,26,7,11,7
SAMEDI  ,10/04/2021,9,35,15,8,4,8
MERCREDI,07/04/2021,35,19,9,16,43,4
LUNDI   ,05/04/2021,32,22,2,12,15,8
SAMEDI  ,03/04/2021,17,1,38,2,45,2
MERCREDI,31/03/2021,2,27,24,35,22,5
LUNDI   ,29/03/2021,41,28,18,13,38,1
SAMEDI  ,27/03/2021,16,11,18,8,10,5
MERCREDI,24/03/2021,22,38,28,37,9,10
LUNDI   ,22/03/2021,15,6,34,39,24,4
SAMEDI  ,20/03/2021,42,18,14,4,27,3
MERCREDI,17/03/2021,45,18,46,3,30,3
LUNDI   ,15/03/2021,29,38,33,15,41,2
SAMEDI  ,13/03/2021,47,22,19,4,10,8
MERCREDI,10/03/2021,26,42,33,20,34,9
LUNDI   ,08/03/2021,24,8,38,19,40,10
SAMEDI  ,06/03/2021,11,22,3,13,30,8
MERCREDI,03/03/2021,38,8,41,49,19,7
LUNDI   ,01/03/2021,4,14,21,47,8,9
SAMEDI  ,27/02/2021,4,29,42,43,11,10
MERCREDI,24/02/2021,47,18,41,10,19,2
LUNDI   ,22/02/2021,3,37,26,15,24,7
SAMEDI  ,20/02/2021,21,36,19,39,49,5
MERCREDI,17/02/2021,34,31,35,41,29,8
LUNDI   ,15/02/2021,13,22,17,6,12,7
SAMEDI  ,13/02/2021,13,17,31,28,9,10
MERCREDI,10/02/2021,44,13,29,15,33,4
LUNDI   ,08/02/2021,19,10,9,29,5,8
SAMEDI  ,06/02/2021,44,42,15,9,47,10
MERCREDI,03/02/2021,17,31,26,37,21,10
LUNDI   ,01/02/2021,1,18,45,17,21,9
SAMEDI  ,30/01/2021,17,5,33,9,37,4
MERCREDI,27/01/2021,27,44,25,23,6,6
LUNDI   ,25/01/2021,13,31,49,7,3,5
SAMEDI  ,23/01/2021,1,19,13,24,48,5
MERCREDI,20/01/2021,21,11,22,40,32,9
LUNDI   ,18/01/2021,5,43,10,48,25,10
SAMEDI  ,16/01/2021,44,20,14,22,36,2
MERCREDI,13/01/2021,32,42,30,17,41,5
LUNDI   ,11/01/2021,33,46,8,17,1,5
SAMEDI  ,09/01/2021,49,12,27,11,7,1
MERCREDI,06/01/2021,41,21,32,47,11,9
LUNDI   ,04/01/2021,31,39,30,49,19,8
SAMEDI  ,02/01/2021,5,27,7,24,41,10
MERCREDI,30/12/2020,36,20,13,31,38,1
LUNDI   ,28/12/2020,41,34,42,22,1,5
SAMEDI  ,26/12/2020,31,3,40,35,2,7
MERCREDI,23/12/2020,5,3,39,31,38,9
LUNDI   ,21/12/2020,10,31,36,37,44,5
SAMEDI  ,19/12/2020,30,29,49,23,10,5
MERCREDI,16/12/2020,21,6,41,17,16,9
LUNDI   ,14/12/2020,47,48,13,34,2,6
SAMEDI  ,12/12/2020,14,31,9,45,23,6
MERCREDI,09/12/2020,47,17,48,39,24,7
LUNDI   ,07/12/2020,45,27,48,4,38,4
SAMEDI  ,05/12/2020,34,20,14,35,9,1
MERCREDI,02/12/2020,23,14,40,46,27,1
LUNDI   ,30/11/2020,28,9,26,29,18,3
SAMEDI  ,28/11/2020,9,25,2,47,35,10
MERCREDI,25/11/2020,1,26,14,31,10,4
LUNDI   ,23/11/2020,15,20,12,6,1,1
SAMEDI  ,21/11/2020,49,17,44,5,46,4
MERCREDI,18/11/2020,28,11,14,43,41,8
LUNDI   ,16/11/2020,7,47,16,33,42,7
SAMEDI  ,14/11/2020,40,26,17,24,43,9
MERCREDI,11/11/2020,15,17,10,37,16,9
LUNDI   ,09/11/2020,26,18,41,38,5,10
SAMEDI  ,07/11/2020,45,5,48,42,30,9
MERCREDI,04/11/2020,29,10,16,14,9,1
LUNDI   ,02/11/2020,42,43,38,33,31,3
SAMEDI  ,31/10/2020,22,35,9,28,13,5
MERCREDI,28/10/2020,25,43,30,2,19,9
LUNDI   ,26/10/2020,33,7,8,12,22,5
SAMEDI  ,24/10/2020,8,25,4,12,45,2
MERCREDI,21/10/2020,35,48,33,21,15,1
LUNDI   ,19/10/2020,7,35,48,28,25,1
SAMEDI  ,17/10/2020,28,23,24,9,20,4
MERCREDI,14/10/2020,19,42,32,26,39,6
LUNDI   ,12/10/2020,18,7,21,42,11,3
SAMEDI  ,10/10/2020,48,26,31,47,42,8
MERCREDI,07/10/2020,17,30,6,49,19,2
LUNDI   ,05/10/2020,6,22,19,5,9,5
SAMEDI  ,03/10/2020,31,36,9,33,18,2
MERCREDI,30/09/2020,26,24,49,32,2,5
LUNDI   ,28/09/2020,33,22,44,6,35,2
SAMEDI  ,26/09/2020,4,31,49,8,39,9
MERCREDI,23/09/2020,11,5,25,23,33,5
LUNDI   ,21/09/2020,46,41,38,19,16,9
SAMEDI  ,19/09/2020,33,42,27,46,32,7
MERCREDI,16/09/2020,28,19,49,23,17,7
LUNDI   ,14/09/2020,23,49,5,13,32,2
SAMEDI  ,12/09/2020,16,46,12,21,24,2
MERCREDI,09/09/2020,24,48,20,29,45,3
LUNDI   ,07/09/2020,37,35,31,44,14,7
SAMEDI  ,05/09/2020,22,15,19,24,46,3
MERCREDI,02/09/2020,14,23,21,47,3,3
LUNDI   ,31/08/2020,7,16,17,4,11,10
SAMEDI  ,29/08/2020,23,15,38,21,39,4
MERCREDI,26/08/2020,13,45,4,40,31,3
LUNDI   ,24/08/2020,28,18,22,37,19,2
SAMEDI  ,22/08/2020,7,11,5,32,33,5
MERCREDI,19/08/2020,35,11,13,4,34,1
LUNDI   ,17/08/2020,6,1,39,48,40,6
SAMEDI  ,15/08/2020,5,41,3,42,15,7
MERCREDI,12/08/2020,17,47,30,3,44,3
LUNDI   ,10/08/2020,28,38,2,1,11,6
SAMEDI  ,08/08/2020,35,42,49,4,6,9
MERCREDI,05/08/2020,46,32,22,15,17,8
LUNDI   ,03/08/2020,43,48,42,23,30,7
SAMEDI  ,01/08/2020,17,18,25,38,9,9
MERCREDI,29/07/2020,47,46,7,19,39,5
LUNDI   ,27/07/2020,19,24,45,15,25,3
SAMEDI  ,25/07/2020,18,10,6,15,48,4
MERCREDI,22/07/2020,4,28,38,20,18,1
LUNDI   ,20/07/2020,8,42,22,28,26,2
SAMEDI  ,18/07/2020,11,42,22,34,43,4
MERCREDI,15/07/2020,6,12,4,35,44,3
LUNDI   ,13/07/2020,24,3,35,46,2,8
SAMEDI  ,11/07/2020,32,6,35,28,40,7
MERCREDI,08/07/2020,30,48,37,9,26,8
LUNDI   ,06/07/2020,2,11,42,30,35,6
SAMEDI  ,04/07/2020,23,13,27,44,36,6
MERCREDI,01/07/2020,44,47,5,13,14,8
LUNDI   ,29/06/2020,21,29,20,47,46,7
SAMEDI  ,27/06/2020,1,39,2,6,27,4
MERCREDI,24/06/2020,36,8,31,34,17,7
LUNDI   ,22/06/2020,9,36,5,21,39,5
SAMEDI  ,20/06/2020,8,24,33,38,14,5
MERCREDI,17/06/2020,26,13,10,20,46,1
LUNDI   ,15/06/2020,22,49,26,2,47,2
SAMEDI  ,13/06/2020,25,32,6,5,28,4
MERCREDI,10/06/2020,47,36,20,11,9,2
LUNDI   ,08/06/2020,8,22,26,46,2,1
SAMEDI  ,06/06/2020,14,7,43,44,29,5
MERCREDI,03/06/2020,12,13,26,44,16,6
LUNDI   ,01/06/2020,24,26,2,36,32,7
SAMEDI  ,30/05/2020,5,14,42,44,16,9
MERCREDI,27/05/2020,29,6,12,44,31,6
LUNDI   ,25/05/2020,9,26,30,42,36,4
SAMEDI  ,23/05/2020,22,28,3,23,29,2
MERCREDI,20/05/2020,45,14,39,20,47,8
LUNDI   ,18/05/2020,20,30,35,14,10,9
SAMEDI  ,16/05/2020,26,27,41,46,19,4
MERCREDI,13/05/2020,43,4,17,38,49,8
LUNDI   ,11/05/2020,34,5,33,3,17,10
SAMEDI  ,09/05/2020,48,39,29,47,35,7
MERCREDI,06/05/2020,48,36,14,15,10,3
LUNDI   ,04/05/2020,39,8,9,33,15,10
SAMEDI  ,02/05/2020,43,22,12,30,9,4
MERCREDI,29/04/2020,25,29,47,5,7,1
LUNDI   ,27/04/2020,41,11,19,29,14,9
SAMEDI  ,25/04/2020,49,6,24,13,10,3
MERCREDI,22/04/2020,28,30,43,40,41,7
LUNDI   ,20/04/2020,37,5,9,7,41,6
SAMEDI  ,18/04/2020,45,1,33,47,27,8
MERCREDI,15/04/2020,16,1,31,48,3,6
LUNDI   ,13/04/2020,42,1,19,23,17,9
SAMEDI  ,11/04/2020,8,43,1,48,41,7
MERCREDI,08/04/2020,16,9,19,26,6,9
LUNDI   ,06/04/2020,23,29,18,35,7,4
SAMEDI  ,04/04/2020,40,2,35,39,42,9
MERCREDI,01/04/2020,41,48,42,28,3,6
LUNDI   ,30/03/2020,21,37,12,17,23,7
SAMEDI  ,28/03/2020,35,23,26,32,22,5
MERCREDI,25/03/2020,40,45,24,32,34,1
LUNDI   ,23/03/2020,28,49,5,48,21,2
SAMEDI  ,21/03/2020,16,37,8,7,42,8
MERCREDI,18/03/2020,48,10,46,28,29,9
LUNDI   ,16/03/2020,44,16,4,40,23,3
SAMEDI  ,14/03/2020,28,41,38,31,43,10
MERCREDI,11/03/2020,38,45,5,14,46,1
LUNDI   ,09/03/2020,26,41,5,33,42,7
SAMEDI  ,07/03/2020,5,35,37,4,24,2
MERCREDI,04/03/2020,10,17,33,30,49,4
LUNDI   ,02/03/2020,42,26,21,39,40,5
SAMEDI  ,29/02/2020,37,24,19,10,5,6
MERCREDI,26/02/2020,20,6,30,32,45,4
LUNDI   ,24/02/2020,20,15,27,9,47,7
SAMEDI  ,22/02/2020,4,39,26,5,24,4
MERCREDI,19/02/2020,40,16,21,41,46,2
LUNDI   ,17/02/2020,44,39,7,41,19,1
SAMEDI  ,15/02/2020,48,4,25,5,45,7
MERCREDI,12/02/2020,47,38,17,30,43,5
LUNDI   ,10/02/2020,15,49,37,25,38,8
SAMEDI  ,08/02/2020,47,31,12,45,7,10
MERCREDI,05/02/2020,30,21,6,11,29,4
LUNDI   ,03/02/2020,49,20,7,31,33,4
SAMEDI  ,01/02/2020,36,25,22,21,16,9
MERCREDI,29/01/2020,31,30,6,14,45,8
LUNDI   ,27/01/2020,27,12,10,7,41,1
SAMEDI  ,25/01/2020,36,17,30,7,11,5
MERCREDI,22/01/2020,25,28,42,26,12,10
LUNDI   ,20/01/2020,13,38,31,30,26,1
SAMEDI  ,18/01/2020,12,1,33,13,2,9
MERCREDI,15/01/2020,35,19,8,22,46,2
LUNDI   ,13/01/2020,16,11,25,32,14,9
SAMEDI  ,11/01/2020,48,14,2,23,13,3
MERCREDI,08/01/2020,17,44,29,16,37,8
LUNDI   ,06/01/2020,49,10,19,26,30,3
SAMEDI  ,04/01/2020,22,9,43,31,34,5
MERCREDI,01/01/2020,11,7,32,24,4,10
LUNDI   ,30/12/2019,12,38,34,32,48,6
SAMEDI  ,28/12/2019,24,48,49,18,8,8
MERCREDI,25/12/2019,36,40,45,24,15,9
LUNDI   ,23/12/2019,37,36,32,20,7,2
SAMEDI  ,21/12/2019,48,23,27,19,22,2
MERCREDI,18/12/2019,23,6,17,5,7,9
LUNDI   ,16/12/2019,38,26,39,35,10,6
SAMEDI  ,14/12/2019,3,48,17,4,38,9
MERCREDI,11/12/2019,25,33,48,1,40,8
LUNDI   ,09/12/2019,1,34,15,24,25,8
SAMEDI  ,07/12/2019,40,29,44,38,10,8
MERCREDI,04/12/2019,8,30,26,35,40,2
LUNDI   ,02/12/2019,39,28,14,11,42,9
SAMEDI  ,30/11/2019,7,25,17,48,16,3
MERCREDI,27/11/2019,44,2,15,29,18,4
LUNDI   ,25/11/2019,44,41,35,33,38,8
SAMEDI  ,23/11/2019,4,27,28,9,22,4
MERCREDI,20/11/2019,22,23,7,30,37,3
LUNDI   ,18/11/2019,31,44,6,15,12,7
SAMEDI  ,16/11/2019,10,49,30,12,29,9
MERCREDI,13/11/2019,22,13,10,35,19,1
LUNDI   ,11/11/2019,28,14,27,13,25,5
SAMEDI  ,09/11/2019,26,24,6,18,29,3
MERCREDI,06/11/2019,43,27,23,44,42,10
LUNDI   ,04/11/2019,16,9,42,1,39,7
SAMEDI  ,02/11/2019,41,1,18,16,13,3
MERCREDI,30/10/2019,46,13,48,2,22,1
LUNDI   ,28/10/2019,46,17,36,35,18,4
SAMEDI  ,26/10/2019,11,30,44,13,20,9
MERCREDI,23/10/2019,49,44,31,33,40,1
LUNDI   ,21/10/2019,13,42,40,48,3,4
SAMEDI  ,19/10/2019,36,23,24,31,32,8
MERCREDI,16/10/2019,19,30,5,18,35,2
LUNDI   ,14/10/2019,16,48,18,24,6,9
SAMEDI  ,12/10/2019,27,16,12,37,10,9
MERCREDI,09/10/2019,14,39,17,44,36,5
LUNDI   ,07/10/2019,19,4,2,35,11,5
SAMEDI  ,05/10/2019,30,2,38,16,31,5
MERCREDI,02/10/2019,33,37,32,35,49,3
LUNDI   ,30/09/2019,43,2,33,23,47,2
SAMEDI  ,28/09/2019,18,15,12,19,40,5
MERCREDI,25/09/2019,7,1,26,22,15,3
LUNDI   ,23/09/2019,36,20,42,34,29,4
SAMEDI  ,21/09/2019,15,42,41,44,8,10
MERCREDI,18/09/2019,16,6,36,5,3,10
LUNDI   ,16/09/2019,42,35,31,32,13,5
SAMEDI  ,14/09/2019,28,23,18,26,19,9
MERCREDI,11/09/2019,35,19,6,27,14,10
LUNDI   ,09/09/2019,42,2,44,28,5,8
SAMEDI  ,07/09/2019,16,12,27,30,2,2
MERCREDI,04/09/2019,25,2,4,7,35,3
LUNDI   ,02/09/2019,6,2,44,33,21,4
SAMEDI  ,31/08/2019,47,21,25,19,38,4
MERCREDI,28/08/2019,14,25,47,7,42,5
LUNDI   ,26/08/2019,4,21,46,27,47,6
SAMEDI  ,24/08/2019,23,31,15,38,17,4
MERCREDI,21/08/2019,17,3,38,1,25,8
LUNDI   ,19/08/2019,14,31,7,28,2,3
SAMEDI  ,17/08/2019,1,21,28,8,37,2
MERCREDI,14/08/2019,45,17,27,48,34,2
LUNDI   ,12/08/2019,31,30,9,20,34,10
SAMEDI  ,10/08/2019,37,4,12,9,18,3
MERCREDI,07/08/2019,26,28,36,29,5,4
LUNDI   ,05/08/2019,5,45,22,26,33,9
SAMEDI  ,03/08/2019,10,4,5,23,7,4
MERCREDI,31/07/2019,32,18,8,36,30,5
LUNDI   ,29/07/2019,6,29,3,47,21,3
SAMEDI  ,27/07/2019,25,28,39,47,31,8
MERCREDI,24/07/2019,39,25,10,32,40,10
LUNDI   ,22/07/2019,28,37,44,11,7,3
SAMEDI  ,20/07/2019,21,17,29,35,18,6
MERCREDI,17/07/2019,26,4,27,47,28,8
LUNDI   ,15/07/2019,10,1,19,13,3,4
SAMEDI  ,13/07/2019,27,18,49,37,48,10
MERCREDI,10/07/2019,7,21,29,35,47,6
LUNDI   ,08/07/2019,26,11,38,20,33,10
SAMEDI  ,06/07/2019,13,6,2,27,12,10
MERCREDI,03/07/2019,39,38,8,31,45,8
LUNDI   ,01/07/2019,38,23,41,3,17,3
SAMEDI  ,29/06/2019,46,42,1,4,3,3
MERCREDI,26/06/2019,4,47,43,30,7,10
LUNDI   ,24/06/2019,33,16,1,32,45,6
SAMEDI  ,22/06/2019,13,20,10,25,27,2
MERCREDI,19/06/2019,45,46,4,36,18,5
LUNDI   ,17/06/2019,20,49,31,12,13,2
SAMEDI  ,15/06/2019,2,13,20,30,37,6
MERCREDI,12/06/2019,25,31,45,38,3,9
LUNDI   ,10/06/2019,9,24,18,49,39,8
SAMEDI  ,08/06/2019,14,41,9,10,45,1
MERCREDI,05/06/2019,28,47,26,38,17,7
LUNDI   ,03/06/2019,42,12,9,41,33,1
SAMEDI  ,01/06/2019,35,26,13,45,20,3
MERCREDI,29/05/2019,36,48,14,13,6,2
LUNDI   ,27/05/2019,33,13,28,18,42,9
SAMEDI  ,25/05/2019,42,47,2,13,43,10
MERCREDI,22/05/2019,1,48,27,49,37,1
LUNDI   ,20/05/2019,32,14,43,29,41,1
SAMEDI  ,18/05/2019,19,4,10,42,46,5
MERCREDI,15/05/2019,38,44,46,27,42,1
LUNDI   ,13/05/2019,15,24,37,40,41,4
SAMEDI  ,11/05/2019,24,44,34,19,45,2
MERCREDI,08/05/2019,2,16,4,20,35,5
LUNDI   ,06/05/2019,23,38,5,24,35,3
SAMEDI  ,04/05/2019,38,18,3,24,29,9
MERCREDI,01/05/2019,26,48,25,16,34,8
LUNDI   ,29/04/2019,33,43,39,6,29,2
SAMEDI  ,27/04/2019,27,17,26,25,33,2
MERCREDI,24/04/2019,3,11,35,13,15,3
LUNDI   ,22/04/2019,39,7,21,29,5,7
SAMEDI  ,20/04/2019,4,30,15,49,45,3
MERCREDI,17/04/2019,29,17,34,48,8,3
LUNDI   ,15/04/2019,32,44,40,17,38,6
SAMEDI  ,13/04/2019,17,9,1,24,46,8
MERCREDI,10/04/2019,22,23,14,42,16,5
LUNDI   ,08/04/2019,24,9,26,15,13,9
SAMEDI  ,06/04/2019,19,26,13,27,24,7
MERCREDI,03/04/2019,16,38,18,45,10,3
LUNDI   ,01/04/2019,32,14,35,46,11,10
SAMEDI  ,30/03/2019,15,44,41,3,2,3
MERCREDI,27/03/2019,49,45,25,10,19,1
LUNDI   ,25/03/2019,46,47,23,22,24,2
SAMEDI  ,23/03/2019,12,1,40,28,26,6
MERCREDI,20/03/2019,13,3,21,2,40,8
LUNDI   ,18/03/2019,38,23,45,24,44,6
SAMEDI  ,16/03/2019,33,19,1,31,22,1
MERCREDI,13/03/2019,29,5,20,8,32,3
LUNDI   ,11/03/2019,25,24,16,6,5,1
SAMEDI  ,09/03/2019,32,47,43,35,15,10
MERCREDI,06/03/2019,14,23,15,44,46,5
LUNDI   ,04/03/2019,4,15,11,36,33,2
SAMEDI  ,02/03/2019,46,42,38,25,16,9
MERCREDI,27/02/2019,14,1,34,19,4,2
LUNDI   ,25/02/2019,7,44,37,48,38,7
SAMEDI  ,23/02/2019,3,45,13,4,44,5
MERCREDI,20/02/2019,25,29,8,34,15,1
LUNDI   ,18/02/2019,18,9,11,33,7,9
SAMEDI  ,16/02/2019,8,7,25,11,46,7
MERCREDI,13/02/2019,43,41,29,14,7,3
LUNDI   ,11/02/2019,43,15,13,48,25,5
SAMEDI  ,09/02/2019,47,40,45,42,3,9
MERCREDI,06/02/2019,4,15,21,26,22,10
LUNDI   ,04/02/2019,40,12,37,24,42,1
SAMEDI  ,02/02/2019,32,27,5,7,35,3
MERCREDI,30/01/2019,20,47,15,11,30,9
LUNDI   ,28/01/2019,37,15,30,6,47,6
SAMEDI  ,26/01/2019,30,14,12,16,42,2
MERCREDI,23/01/2019,25,17,41,24,38,10
LUNDI   ,21/01/2019,17,26,30,47,20,6
SAMEDI  ,19/01/2019,37,10,39,16,34,7
MERCREDI,16/01/2019,15,11,10,1,31,3
LUNDI   ,14/01/2019,35,33,44,1,11,10
SAMEDI  ,12/01/2019,19,24,11,34,25,8
MERCREDI,09/01/2019,6,19,46,21,15,10
LUNDI   ,07/01/2019,1,19,12,31,7,10
SAMEDI  ,05/01/2019,48,18,40,7,6,7
MERCREDI,02/01/2019,36,12,29,2,26,7
LUNDI   ,31/12/2018,43,24,34,27,14,10
SAMEDI  ,29/12/2018,26,30,42,38,12,5
MERCREDI,26/12/2018,45,9,5,24,11,10
LUNDI   ,24/12/2018,10,22,34,43,46,2
SAMEDI  ,22/12/2018,44,46,31,11,22,5
MERCREDI,19/12/2018,21,3,25,10,11,3
LUNDI   ,17/12/2018,2,9,25,35,30,9
SAMEDI  ,15/12/2018,38,1,3,32,30,6
MERCREDI,12/12/2018,39,21,45,12,44,5
LUNDI   ,10/12/2018,8,34,16,13,37,10
SAMEDI  ,08/12/2018,25,38,11,29,14,8
MERCREDI,05/12/2018,6,19,41,17,18,9
LUNDI   ,03/12/2018,1,15,9,19,39,5
SAMEDI  ,01/12/2018,15,6,3,23,39,2
MERCREDI,28/11/2018,3,38,30,10,15,6
LUNDI   ,26/11/2018,36,30,34,14,21,2
SAMEDI  ,24/11/2018,15,11,5,22,10,5
MERCREDI,21/11/2018,22,45,20,21,23,10
LUNDI   ,19/11/2018,33,46,21,20,28,7
SAMEDI  ,17/11/2018,42,20,27,22,12,7
MERCREDI,14/11/2018,36,41,15,49,48,5
LUNDI   ,12/11/2018,13,14,37,21,15,7
SAMEDI  ,10/11/2018,20,43,18,44,30,7
MERCREDI,07/11/2018,33,27,3,20,6,8
LUNDI   ,05/11/2018,9,11,39,29,32,8
SAMEDI  ,03/11/2018,6,29,8,9,39,2
MERCREDI,31/10/2018,34,14,2,28,38,4
LUNDI   ,29/10/2018,9,42,24,43,22,7
SAMEDI  ,27/10/2018,26,21,36,29,35,9
MERCREDI,24/10/2018,28,45,34,36,9,6
LUNDI   ,22/10/2018,10,4,29,19,47,6
SAMEDI  ,20/10/2018,7,17,31,12,48,8
MERCREDI,17/10/2018,33,13,7,2,41,1
LUNDI   ,15/10/2018,8,14,25,19,49,5
SAMEDI  ,13/10/2018,1,36,45,4,22,8
MERCREDI,10/10/2018,5,24,38,29,4,3
LUNDI   ,08/10/2018,46,1,4,23,24,2
SAMEDI  ,06/10/2018,49,39,8,48,1,9
MERCREDI,03/10/2018,31,24,11,20,32,8
LUNDI   ,01/10/2018,6,1,40,7,2,4
SAMEDI  ,29/09/2018,31,7,15,10,17,4
MERCREDI,26/09/2018,40,18,15,36,10,3
LUNDI   ,24/09/2018,12,30,17,8,6,3
SAMEDI  ,22/09/2018,14,37,39,18,38,9
MERCREDI,19/09/2018,15,42,4,27,25,5
LUNDI   ,17/09/2018,43,42,8,15,26,5
SAMEDI  ,15/09/2018,11,26,1,46,13,5
MERCREDI,12/09/2018,11,33,24,35,4,9
LUNDI   ,10/09/2018,27,20,19,46,38,10
SAMEDI  ,08/09/2018,6,19,22,34,20,10
MERCREDI,05/09/2018,7,39,34,6,15,1
LUNDI   ,03/09/2018,18,2,15,1,41,10
SAMEDI  ,01/09/2018,32,35,11,41,42,6
MERCREDI,29/08/2018,17,45,19,40,31,1
LUNDI   ,27/08/2018,40,17,24,18,10,2
SAMEDI  ,25/08/2018,29,6,15,44,16,3
MERCREDI,22/08/2018,16,42,12,6,40,3
LUNDI   ,20/08/2018,15,48,42,18,40,10
SAMEDI  ,18/08/2018,33,37,31,16,49,8
MERCREDI,15/08/2018,40,21,47,27,6,8
LUNDI   ,13/08/2018,10,19,21,2,40,6
SAMEDI  ,11/08/2018,41,27,44,46,14,5
MERCREDI,08/08/2018,5,19,29,15,24,8
LUNDI   ,06/08/2018,30,4,37,32,23,6
SAMEDI  ,04/08/2018,41,23,9,32,38,3
MERCREDI,01/08/2018,47,15,45,35,17,4
LUNDI   ,30/07/2018,33,7,13,41,43,2
SAMEDI  ,28/07/2018,7,23,13,18,21,10
MERCREDI,25/07/2018,35,27,22,20,30,3
LUNDI   ,23/07/2018,7,20,41,40,11,6
SAMEDI  ,21/07/2018,44,18,9,28,1,10
MERCREDI,18/07/2018,18,26,27,43,35,7
LUNDI   ,16/07/2018,36,31,9,16,3,1
SAMEDI  ,14/07/2018,47,37,45,3,20,3
MERCREDI,11/07/2018,11,46,1,22,42,4
LUNDI   ,09/07/2018,9,21,19,36,40,1
SAMEDI  ,07/07/2018,41,3,34,11,10,10
MERCREDI,04/07/2018,41,23,16,20,45,5
LUNDI   ,02/07/2018,48,38,36,45,16,8
SAMEDI  ,30/06/2018,5,36,23,29,45,7
MERCREDI,27/06/2018,26,11,9,41,8,10
LUNDI   ,25/06/2018,14,9,21,13,32,5
SAMEDI  ,23/06/2018,41,32,49,10,36,10
MERCREDI,20/06/2018,43,33,8,30,6,3
LUNDI   ,18/06/2018,34,2,7,13,44,8
SAMEDI  ,16/06/2018,35,17,8,43,19,9
MERCREDI,13/06/2018,20,48,15,29,49,1
LUNDI   ,11/06/2018,44,41,49,25,14,4
SAMEDI  ,09/06/2018,7,16,5,9,12,10
MERCREDI,06/06/2018,43,5,33,6,47,2
LUNDI   ,04/06/2018,8,38,48,16,35,2
SAMEDI  ,02/06/2018,18,13,31,7,35,4
MERCREDI,30/05/2018,4,44,41,36,33,6
LUNDI   ,28/05/2018,35,10,25,21,23,10
SAMEDI  ,26/05/2018,26,24,2,43,3,8
MERCREDI,23/05/2018,14,29,3,36,25,9
LUNDI   ,21/05/2018,20,4,46,16,5,5
SAMEDI  ,19/05/2018,5,47,30,45,12,9
MERCREDI,16/05/2018,44,37,7,23,41,8
LUNDI   ,14/05/2018,40,33,23,1,5,8
SAMEDI  ,12/05/2018,6,23,9,47,5,10
MERCREDI,09/05/2018,10,23,35,34,5,6
LUNDI   ,07/05/2018,43,13,10,23,46,6
SAMEDI  ,05/05/2018,9,30,47,41,15,5
MERCREDI,02/05/2018,8,1,14,10,21,10
LUNDI   ,30/04/2018,43,48,49,36,7,7
SAMEDI  ,28/04/2018,36,14,40,31,47,2
MERCREDI,25/04/2018,21,23,5,10,36,1
LUNDI   ,23/04/2018,2,33,20,29,32,8
SAMEDI  ,21/04/2018,26,20,2,11,39,5
MERCREDI,18/04/2018,18,11,38,17,46,8
LUNDI   ,16/04/2018,16,25,6,21,26,5
SAMEDI  ,14/04/2018,24,5,49,36,1,7
MERCREDI,11/04/2018,40,46,32,17,1,8
LUNDI   ,09/04/2018,1,32,20,28,42,6
SAMEDI  ,07/04/2018,26,34,10,45,7,7
MERCREDI,04/04/2018,19,40,22,45,36,6
LUNDI   ,02/04/2018,28,34,18,13,14,2
SAMEDI  ,31/03/2018,42,2,41,18,31,8
MERCREDI,28/03/2018,43,39,15,5,45,10
LUNDI   ,26/03/2018,27,17,37,10,4,10
SAMEDI  ,24/03/2018,31,11,44,35,26,9
MERCREDI,21/03/2018,31,45,21,30,29,2
LUNDI   ,19/03/2018,20,15,27,46,24,10
SAMEDI  ,17/03/2018,48,43,36,30,13,9
MERCREDI,14/03/2018,36,46,13,4,3,10
LUNDI   ,12/03/2018,27,7,10,38,13,8
SAMEDI  ,10/03/2018,5,47,23,21,18,6
MERCREDI,07/03/2018,13,6,18,36,37,5
LUNDI   ,05/03/2018,44,38,25,17,41,9
SAMEDI  ,03/03/2018,3,4,8,2,31,9
MERCREDI,28/02/2018,42,5,49,31,28,7
LUNDI   ,26/02/2018,13,34,39,42,37,3
SAMEDI  ,24/02/2018,12,6,9,31,43,3
MERCREDI,21/02/2018,12,41,2,28,16,1
LUNDI   ,19/02/2018,32,9,8,29,28,2
SAMEDI  ,17/02/2018,49,48,14,22,38,9
MERCREDI,14/02/2018,13,3,44,19,5,4
LUNDI   ,12/02/2018,27,35,48,3,32,9
SAMEDI  ,10/02/2018,19,31,2,40,42,5
MERCREDI,07/02/2018,44,13,17,48,33,3
LUNDI   ,05/02/2018,7,29,1,30,45,7
SAMEDI  ,03/02/2018,22,9,23,38,13,4
MERCREDI,31/01/2018,29,26,16,4,49,1
LUNDI   ,29/01/2018,11,32,27,36,21,6
SAMEDI  ,27/01/2018,45,10,9,34,39,10
MERCREDI,24/01/2018,9,37,35,23,28,5
LUNDI   ,22/01/2018,31,11,16,1,14,2
SAMEDI  ,20/01/2018,44,32,27,38,46,7
MERCREDI,17/01/2018,16,25,40,49,4,3
LUNDI   ,15/01/2018,15,28,22,2,5,2
SAMEDI  ,13/01/2018,48,35,20,31,36,10
MERCREDI,10/01/2018,7,49,18,9,16,3
LUNDI   ,08/01/2018,8,44,37,43,45,2
SAMEDI  ,06/01/2018,45,40,17,6,31,9
MERCREDI,03/01/2018,34,44,27,23,4,4
LUNDI   ,01/01/2018,7,43,10,9,14,1
SAMEDI  ,30/12/2017,40,28,35,13,12,8
MERCREDI,27/12/2017,22,6,48,7,14,8
LUNDI   ,25/12/2017,3,31,6,10,29,8
SAMEDI  ,23/12/2017,4,6,44,8,48,10
MERCREDI,20/12/2017,6,11,13,24,10,9
LUNDI   ,18/12/2017,11,39,48,10,29,9
SAMEDI  ,16/12/2017,48,20,15,9,49,6
MERCREDI,13/12/2017,17,49,24,43,28,8
LUNDI   ,11/12/2017,47,34,26,43,29,4
SAMEDI  ,09/12/2017,48,49,10,46,23,8
MERCREDI,06/12/2017,27,12,38,7,30,1
LUNDI   ,04/12/2017,43,32,15,23,41,8
SAMEDI  ,02/12/2017,24,45,39,33,35,1
MERCREDI,29/11/2017,8,20,3,12,13,4
LUNDI   ,27/11/2017,36,5,6,39,46,6
SAMEDI  ,25/11/2017,43,1,48,2,47,10
MERCREDI,22/11/2017,30,1,10,2,39,8
LUNDI   ,20/11/2017,6,30,40,43,35,3
SAMEDI  ,18/11/2017,13,9,17,37,48,1
MERCREDI,15/11/2017,12,10,16,35,14,6
LUNDI   ,13/11/2017,30,29,24,3,43,5
SAMEDI  ,11/11/2017,40,47,48,1,36,3
MERCREDI,08/11/2017,37,41,13,26,2,5
LUNDI   ,06/11/2017,30,45,49,27,48,1
SAMEDI  ,04/11/2017,23,7,38,35,6,7
MERCREDI,01/11/2017,18,8,26,9,32,1
LUNDI   ,30/10/2017,32,42,12,44,34,5
SAMEDI  ,28/10/2017,22,12,47,5,29,8
MERCREDI,25/10/2017,9,3,19,41,43,8
LUNDI   ,23/10/2017,12,21,47,44,25,3
SAMEDI  ,21/10/2017,2,42,6,20,21,8
MERCREDI,18/10/2017,5,13,25,12,24,7
LUNDI   ,16/10/2017,39,48,30,5,32,8
SAMEDI  ,14/10/2017,18,20,38,43,47,3
MERCREDI,11/10/2017,44,48,6,29,15,4
LUNDI   ,09/10/2017,47,30,6,15,3,9
SAMEDI  ,07/10/2017,41,44,8,37,46,3
MERCREDI,04/10/2017,45,34,20,30,1,9
LUNDI   ,02/10/2017,1,11,28,12,20,7
SAMEDI  ,30/09/2017,16,44,3,38,27,7
MERCREDI,27/09/2017,13,10,16,42,35,4
LUNDI   ,25/09/2017,37,16,17,33,34,6
SAMEDI  ,23/09/2017,15,33,22,19,37,4
MERCREDI,20/09/2017,37,6,4,17,22,6
LUNDI   ,18/09/2017,12,25,37,29,34,9
SAMEDI  ,16/09/2017,37,46,4,18,16,5
MERCREDI,13/09/2017,18,45,4,25,33,1
LUNDI   ,11/09/2017,23,42,48,45,12,9
SAMEDI  ,09/09/2017,44,13,19,15,39,1
MERCREDI,06/09/2017,49,46,28,19,39,4
LUNDI   ,04/09/2017,33,6,27,1,35,9
SAMEDI  ,02/09/2017,10,14,1,40,18,7
MERCREDI,30/08/2017,29,26,7,12,47,9
LUNDI   ,28/08/2017,6,8,20,24,42,6
SAMEDI  ,26/08/2017,10,40,35,32,38,3
MERCREDI,23/08/2017,32,23,16,1,4,7
LUNDI   ,21/08/2017,8,36,43,27,14,5
SAMEDI  ,19/08/2017,39,8,40,21,7,7
MERCREDI,16/08/2017,31,29,25,19,41,4
LUNDI   ,14/08/2017,13,15,39,2,9,4
SAMEDI  ,12/08/2017,13,36,41,15,5,10
MERCREDI,09/08/2017,32,38,36,31,49,1
LUNDI   ,07/08/2017,38,24,42,21,14,4
SAMEDI  ,05/08/2017,3,25,30,13,37,2
MERCREDI,02/08/2017,34,30,9,12,32,7
LUNDI   ,31/07/2017,45,37,47,25,31,7
SAMEDI  ,29/07/2017,24,41,45,23,10,1
MERCREDI,26/07/2017,13,44,35,3,25,2
LUNDI   ,24/07/2017,14,11,38,21,35,3
SAMEDI  ,22/07/2017,40,30,16,5,28,9
MERCREDI,19/07/2017,16,26,6,8,9,7
LUNDI   ,17/07/2017,40,41,5,33,16,2
SAMEDI  ,15/07/2017,34,37,24,48,29,2
MERCREDI,12/07/2017,3,16,31,43,18,5
LUNDI   ,10/07/2017,23,43,17,21,18,4
SAMEDI  ,08/07/2017,9,30,46,43,31,10
MERCREDI,05/07/2017,18,29,17,34,8,6
LUNDI   ,03/07/2017,48,8,10,28,2,2
SAMEDI  ,01/07/2017,26,47,16,33,21,8
MERCREDI,28/06/2017,48,30,37,29,9,1
LUNDI   ,26/06/2017,1,49,5,29,38,9
SAMEDI  ,24/06/2017,48,27,23,35,24,5
MERCREDI,21/06/2017,12,22,34,18,39,6
LUNDI   ,19/06/2017,25,43,18,47,40,9
SAMEDI  ,17/06/2017,26,25,40,14,39,3
MERCREDI,14/06/2017,44,43,49,41,31,5
LUNDI   ,12/06/2017,5,29,4,7,27,5
SAMEDI  ,10/06/2017,49,34,37,36,8,10
MERCREDI,07/06/2017,22,43,36,40,21,5
LUNDI   ,05/06/2017,49,12,17,41,21,7
SAMEDI  ,03/06/2017,23,45,36,34,44,3
MERCREDI,31/05/2017,1,36,9,41,27,1
LUNDI   ,29/05/2017,40,43,39,41,1,9
SAMEDI  ,27/05/2017,9,8,28,40,17,8
MERCREDI,24/05/2017,17,22,18,8,30,5
LUNDI   ,22/05/2017,27,21,22,7,31,10
SAMEDI  ,20/05/2017,33,31,28,34,42,3
MERCREDI,17/05/2017,25,44,6,30,22,7
LUNDI   ,15/05/2017,22,13,1,27,5,1
SAMEDI  ,13/05/2017,16,13,9,28,47,10
MERCREDI,10/05/2017,30,22,20,43,12,9
LUNDI   ,08/05/2017,33,7,47,22,43,6
SAMEDI  ,06/05/2017,27,41,34,6,45,5
MERCREDI,03/05/2017,20,15,27,46,6,3
LUNDI   ,01/05/2017,18,46,37,16,35,6
SAMEDI  ,29/04/2017,48,37,46,44,34,9
MERCREDI,26/04/2017,27,6,8,14,16,5
LUNDI   ,24/04/2017,7,42,28,45,41,9
SAMEDI  ,22/04/2017,17,21,31,1,46,5
MERCREDI,19/04/2017,47,39,38,41,48,9
LUNDI   ,17/04/2017,8,36,46,4,33,7
SAMEDI  ,15/04/2017,28,29,41,40,49,5
MERCREDI,12/04/2017,48,18,3,28,40,7
LUNDI   ,10/04/2017,11,3,20,14,1,2
SAMEDI  ,08/04/2017,17,44,18,45,29,5
MERCREDI,05/04/2017,10,40,42,20,6,10
LUNDI   ,03/04/2017,34,16,44,3,9,3
SAMEDI  ,01/04/2017,46,2,44,9,25,9
MERCREDI,29/03/2017,35,14,10,26,25,5
LUNDI   ,27/03/2017,2,49,9,38,18,8
SAMEDI  ,25/03/2017,2,5,8,43,49,1
MERCREDI,22/03/2017,43,25,28,2,11,5
LUNDI   ,20/03/2017,42,39,28,13,40,1
SAMEDI  ,18/03/2017,33,18,1,30,6,2
MERCREDI,15/03/2017,25,5,46,36,31,8
LUNDI   ,13/03/2017,16,21,34,48,24,3
SAMEDI  ,11/03/2017,1,39,31,13,42,7
MERCREDI,08/03/2017,40,16,46,42,47,2
LUNDI   ,06/03/2017,26,10,6,41,3,9
SAMEDI  ,04/03/2017,28,14,37,32,4,4
MERCREDI,01/03/2017,33,31,16,46,20,5
LUNDI   ,27/02/2017,3,37,16,17,47,5
SAMEDI  ,25/02/2017,40,32,43,11,48,2
MERCREDI,22/02/2017,17,25,22,35,43,10
LUNDI   ,20/02/2017,20,29,43,41,15,10
SAMEDI  ,18/02/2017,32,23,49,1,3,4
MERCREDI,15/02/2017,8,16,21,14,24,10
LUNDI   ,13/02/2017,5,16,39,44,18,3
SAMEDI  ,11/02/2017,37,17,29,15,1,3
MERCREDI,08/02/2017,17,33,37,40,19,6
LUNDI   ,06/02/2017,19,31,33,40,30,2
SAMEDI  ,04/02/2017,32,22,1,35,37,7
MERCREDI,01/02/2017,45,24,17,46,9,7
LUNDI   ,30/01/2017,4,22,40,23,32,4
SAMEDI  ,28/01/2017,6,5,10,2,26,5
MERCREDI,25/01/2017,10,19,20,28,4,2
LUNDI   ,23/01/2017,15,5,17,49,31,9
SAMEDI  ,21/01/2017,40,36,32,8,31,6
MERCREDI,18/01/2017,48,29,34,5,47,4
LUNDI   ,16/01/2017,35,32,14,37,26,5
SAMEDI  ,14/01/2017,19,18,44,37,16,1
MERCREDI,11/01/2017,30,13,28,22,19,3
LUNDI   ,09/01/2017,21,16,6,42,2,7
SAMEDI  ,07/01/2017,33,46,24,21,22,8
MERCREDI,04/01/2017,17,36,16,26,38,7
LUNDI   ,02/01/2017,31,38,11,19,40,5
SAMEDI  ,31/12/2016,45,49,43,33,4,8
MERCREDI,28/12/2016,34,35,16,39,15,4
LUNDI   ,26/12/2016,3,16,27,29,37,6
SAMEDI  ,24/12/2016,22,48,7,20,35,1
MERCREDI,21/12/2016,25,42,17,39,22,6
LUNDI   ,19/12/2016,17,40,41,26,3,7
SAMEDI  ,17/12/2016,13,5,16,32,2,5
MERCREDI,14/12/2016,10,9,44,14,46,7
LUNDI   ,12/12/2016,12,14,11,6,36,6
SAMEDI  ,10/12/2016,41,43,27,24,28,9
MERCREDI,07/12/2016,5,44,7,2,45,3
LUNDI   ,05/12/2016,29,30,23,6,26,4
SAMEDI  ,03/12/2016,11,13,38,4,44,7
MERCREDI,30/11/2016,9,33,31,3,40,5
LUNDI   ,28/11/2016,41,45,20,10,38,6
SAMEDI  ,26/11/2016,9,21,44,6,11,7
MERCREDI,23/11/2016,47,7,25,2,12,7
LUNDI   ,21/11/2016,7,18,12,45,3,8
SAMEDI  ,19/11/2016,34,48,41,46,36,7
MERCREDI,16/11/2016,37,48,1,26,24,7
LUNDI   ,14/11/2016,41,6,14,16,26,2
SAMEDI  ,12/11/2016,29,11,19,16,2,8
MERCREDI,09/11/2016,3,22,47,14,8,5
LUNDI   ,07/11/2016,1,46,21,6,31,6
SAMEDI  ,05/11/2016,16,42,21,6,34,5
MERCREDI,02/11/2016,26,1,49,7,14,10
LUNDI   ,31/10/2016,11,35,16,29,41,4
SAMEDI  ,29/10/2016,21,36,44,26,14,4
MERCREDI,26/10/2016,1,46,20,40,35,10
LUNDI   ,24/10/2016,18,29,36,17,23,7
SAMEDI  ,22/10/2016,29,41,3,43,35,8
MERCREDI,19/10/2016,32,28,29,26,38,1
LUNDI   ,17/10/2016,8,31,48,39,22,4
SAMEDI  ,15/10/2016,47,30,41,32,39,7
MERCREDI,12/10/2016,2,19,34,47,23,2
LUNDI   ,10/10/2016,18,19,3,48,9,2
SAMEDI  ,08/10/2016,5,26,28,46,35,9
MERCREDI,05/10/2016,18,28,15,2,43,3
LUNDI   ,03/10/2016,46,43,7,22,8,10
SAMEDI  ,01/10/2016,13,42,8,16,23,1
MERCREDI,28/09/2016,44,46,29,42,45,3
LUNDI   ,26/09/2016,4,23,26,19,27,7
SAMEDI  ,24/09/2016,33,32,31,41,43,10
MERCREDI,21/09/2016,30,15,40,13,20,10
LUNDI   ,19/09/2016,41,37,20,18,45,10
SAMEDI  ,17/09/2016,12,3,4,34,25,2
MERCREDI,14/09/2016,29,18,37,7,47,7
LUNDI   ,12/09/2016,6,5,11,13,22,10
SAMEDI  ,10/09/2016,46,38,29,31,19,6
MERCREDI,07/09/2016,26,34,38,13,42,9
LUNDI   ,05/09/2016,43,48,7,42,30,4
SAMEDI  ,03/09/2016,36,24,45,49,47,5
MERCREDI,31/08/2016,12,26,19,47,10,1
LUNDI   ,29/08/2016,44,36,49,25,48,2
SAMEDI  ,27/08/2016,45,21,2,31,23,8
MERCREDI,24/08/2016,3,4,34,41,42,2
LUNDI   ,22/08/2016,21,44,42,12,34,7
SAMEDI  ,20/08/2016,35,10,28,43,15,9
MERCREDI,17/08/2016,12,21,35,24,40,4
LUNDI   ,15/08/2016,16,31,25,27,26,7
SAMEDI  ,13/08/2016,33,1,9,6,46,6
MERCREDI,10/08/2016,49,30,19,17,7,3
LUNDI   ,08/08/2016,1,26,2,36,3,7
SAMEDI  ,06/08/2016,44,12,7,25,31,10
MERCREDI,03/08/2016,18,27,39,44,24,3
LUNDI   ,01/08/2016,45,29,36,42,24,7
SAMEDI  ,30/07/2016,30,9,22,46,23,9
MERCREDI,27/07/2016,34,7,44,19,8,6
LUNDI   ,25/07/2016,3,29,46,5,1,4
SAMEDI  ,23/07/2016,2,27,33,21,15,10
MERCREDI,20/07/2016,32,1,13,29,46,1
LUNDI   ,18/07/2016,29,25,2,39,20,7
SAMEDI  ,16/07/2016,45,21,46,48,11,4
MERCREDI,13/07/2016,30,28,47,34,7,10
LUNDI   ,11/07/2016,36,35,2,25,27,4
SAMEDI  ,09/07/2016,46,15,6,39,3,10
MERCREDI,06/07/2016,26,38,47,13,16,8
LUNDI   ,04/07/2016,12,10,25,22,47,1
SAMEDI  ,02/07/2016,8,24,31,17,16,5
MERCREDI,29/06/2016,17,22,9,14,48,10
LUNDI   ,27/06/2016,22,23,8,41,24,7
SAMEDI  ,25/06/2016,16,20,19,35,49,3
MERCREDI,22/06/2016,4,27,10,36,5,9
LUNDI   ,20/06/2016,38,4,45,13,43,10
SAMEDI  ,18/06/2016,18,33,10,20,39,3
MERCREDI,15/06/2016,34,2,8,5,33,10
LUNDI   ,13/06/2016,28,36,5,21,8,8
SAMEDI  ,11/06/2016,7,17,22,46,44,6
MERCREDI,08/06/2016,45,6,8,49,33,9
LUNDI   ,06/06/2016,23,32,48,47,25,5
SAMEDI  ,04/06/2016,39,2,16,19,25,1
MERCREDI,01/06/2016,27,35,26,44,22,10
LUNDI   ,30/05/2016,6,38,7,13,40,3
SAMEDI  ,28/05/2016,19,3,1,14,13,6
MERCREDI,25/05/2016,20,12,36,21,4,3
LUNDI   ,23/05/2016,41,48,22,26,7,2
SAMEDI  ,21/05/2016,41,26,23,12,48,4
MERCREDI,18/05/2016,22,1,40,38,49,9
LUNDI   ,16/05/2016,36,38,31,6,16,1
SAMEDI  ,14/05/2016,42,28,30,1,27,5
MERCREDI,11/05/2016,31,44,29,19,15,10
LUNDI   ,09/05/2016,24,29,4,11,14,1
SAMEDI  ,07/05/2016,35,33,42,20,14,4
MERCREDI,04/05/2016,15,7,42,8,24,9
LUNDI   ,02/05/2016,47,36,43,48,26,6
SAMEDI  ,30/04/2016,49,29,2,30,36,7
MERCREDI,27/04/2016,9,36,25,45,44,10
LUNDI   ,25/04/2016,39,19,13,18,22,6
SAMEDI  ,23/04/2016,26,15,22,2,17,7
MERCREDI,20/04/2016,12,15,36,41,13,9
LUNDI   ,18/04/2016,47,29,24,38,26,7
SAMEDI  ,16/04/2016,33,25,36,39,40,9
MERCREDI,13/04/2016,31,49,34,2,4,4
LUNDI   ,11/04/2016,34,29,4,26,25,2
SAMEDI  ,09/04/2016,42,49,39,14,16,6
MERCREDI,06/04/2016,21,19,28,24,44,5
LUNDI   ,04/04/2016,36,7,48,11,8,3
SAMEDI  ,02/04/2016,29,34,18,22,19,1
MERCREDI,30/03/2016,43,20,46,35,23,6
LUNDI   ,28/03/2016,26,2,28,4,15,2
SAMEDI  ,26/03/2016,14,3,20,17,1,1
MERCREDI,23/03/2016,14,19,17,8,5,9
LUNDI   ,21/03/2016,3,34,42,37,10,2
SAMEDI  ,19/03/2016,49,13,4,36,18,5
MERCREDI,16/03/2016,43,18,11,7,9,10
LUNDI   ,14/03/2016,19,39,27,14,36,8
SAMEDI  ,12/03/2016,27,17,9,25,46,6
MERCREDI,09/03/2016,40,22,20,19,41,2
LUNDI   ,07/03/2016,11,6,49,41,12,1
SAMEDI  ,05/03/2016,34,5,14,49,23,6
MERCREDI,02/03/2016,40,48,44,20,34,2
LUNDI   ,29/02/2016,13,3,1,24,45,1
SAMEDI  ,27/02/2016,11,47,13,10,28,6
MERCREDI,24/02/2016,20,18,44,1,49,7
LUNDI   ,22/02/2016,23,2,5,48,26,5
SAMEDI  ,20/02/2016,9,33,34,41,20,8
MERCREDI,17/02/2016,29,17,40,34,2,10
LUNDI   ,15/02/2016,37,21,38,4,10,5
SAMEDI  ,13/02/2016,38,30,27,41,10,4
MERCREDI,10/02/2016,44,46,1,27,48,10
LUNDI   ,08/02/2016,30,1,28,39,11,6
SAMEDI  ,06/02/2016,44,25,2,41,28,9
MERCREDI,03/02/2016,5,44,24,28,25,3
LUNDI   ,01/02/2016,18,36,13,40,48,4
SAMEDI  ,30/01/2016,1,3,31,11,49,1
MERCREDI,27/01/2016,31,44,48,37,32,9
LUNDI   ,25/01/2016,12,4,38,10,41,3
SAMEDI  ,23/01/2016,42,3,15,41,33,3
MERCREDI,20/01/2016,34,21,9,42,31,8
LUNDI   ,18/01/2016,2,5,3,10,1,4
SAMEDI  ,16/01/2016,17,45,26,27,13,6
MERCREDI,13/01/2016,30,11,35,33,3,2
LUNDI   ,11/01/2016,41,29,19,43,14,9
SAMEDI  ,09/01/2016,22,39,4,49,45,6
MERCREDI,06/01/2016,49,22,14,5,2,4
LUNDI   ,04/01/2016,34,43,23,15,40,3
SAMEDI  ,02/01/2016,19,44,37,46,10,10
MERCREDI,30/12/2015,16,2,34,25,1,5
LUNDI   ,28/12/2015,10,12,7,20,45,7
SAMEDI  ,26/12/2015,15,21,20,38,43,1
MERCREDI,23/12/2015,13,17,28,46,42,2
LUNDI   ,21/12/2015,11,19,33,41,7,3
SAMEDI  ,19/12/2015,4,25,42,39,38,7
MERCREDI,16/12/2015,46,41,24,35,22,10
LUNDI   ,14/12/2015,31,49,7,20,11,7
SAMEDI  ,12/12/2015,13,40,2,34,15,8
MERCREDI,09/12/2015,6,34,12,49,10,7
LUNDI   ,07/12/2015,22,28,42,37,14,10
SAMEDI  ,05/12/2015,9,26,47,20,27,7
MERCREDI,02/12/2015,39,9,3,45,10,7
LUNDI   ,30/11/2015,27,19,5,35,40,9
SAMEDI  ,28/11/2015,30,19,37,12,46,9
MERCREDI,25/11/2015,24,18,22,41,7,3
LUNDI   ,23/11/2015,47,12,14,37,20,6
SAMEDI  ,21/11/2015,43,24,12,18,16,10
MERCREDI,18/11/2015,25,23,5,1,47,1
LUNDI   ,16/11/2015,28,47,40,12,42,1
SAMEDI  ,14/11/2015,34,29,47,10,37,10
MERCREDI,11/11/2015,17,1,6,13,15,2
LUNDI   ,09/11/2015,25,32,8,37,39,10
SAMEDI  ,07/11/2015,7,32,4,23,28,1
MERCREDI,04/11/2015,32,11,8,21,15,6
LUNDI   ,02/11/2015,21,32,8,48,7,4
SAMEDI  ,31/10/2015,33,36,48,43,34,10
MERCREDI,28/10/2015,49,2,17,30,5,2
LUNDI   ,26/10/2015,17,19,23,4,49,3
SAMEDI  ,24/10/2015,7,12,39,29,11,2
MERCREDI,21/10/2015,25,35,22,26,31,6
LUNDI   ,19/10/2015,36,33,31,48,47,7
SAMEDI  ,17/10/2015,22,33,14,46,9,8
MERCREDI,14/10/2015,38,20,33,6,35,2
LUNDI   ,12/10/2015,1,16,49,3,4,4
SAMEDI  ,10/10/2015,41,23,15,30,45,7
MERCREDI,07/10/2015,29,27,2,14,28,9
LUNDI   ,05/10/2015,27,28,13,31,42,6
SAMEDI  ,03/10/2015,27,18,8,37,20,4
MERCREDI,30/09/2015,16,18,15,35,26,7
LUNDI   ,28/09/2015,23,39,37,36,49,8
SAMEDI  ,26/09/2015,14,13,4,24,21,1
MERCREDI,23/09/2015,35,49,18,20,31,3
LUNDI   ,21/09/2015,42,47,28,27,12,5
SAMEDI  ,19/09/2015,2,25,43,16,33,9
MERCREDI,16/09/2015,7,34,42,11,17,6
LUNDI   ,14/09/2015,3,43,48,37,49,2
SAMEDI  ,12/09/2015,41,1,30,38,31,10
MERCREDI,09/09/2015,3,19,10,44,41,7
LUNDI   ,07/09/2015,5,19,21,32,29,3
SAMEDI  ,05/09/2015,24,45,14,25,42,9
MERCREDI,02/09/2015,29,6,9,17,28,2
LUNDI   ,31/08/2015,12,41,38,1,31,4
SAMEDI  ,29/08/2015,43,40,2,38,23,8
MERCREDI,26/08/2015,44,26,41,15,37,8
LUNDI   ,24/08/2015,6,5,17,42,30,1
SAMEDI  ,22/08/2015,19,4,20,29,49,9
MERCREDI,19/08/2015,21,6,45,34,38,4
LUNDI   ,17/08/2015,29,9,26,36,42,1
SAMEDI  ,15/08/2015,49,13,6,25,47,4
MERCREDI,12/08/2015,15,43,1,24,8,2
LUNDI   ,10/08/2015,37,44,14,12,28,5
SAMEDI  ,08/08/2015,12,8,11,35,33,9
MERCREDI,05/08/2015,34,10,22,36,9,4
LUNDI   ,03/08/2015,48,10,49,1,39,1
SAMEDI  ,01/08/2015,9,31,24,34,23,9
MERCREDI,29/07/2015,22,2,3,42,36,9
LUNDI   ,27/07/2015,14,28,37,41,6,5
SAMEDI  ,25/07/2015,43,7,5,10,13,4
MERCREDI,22/07/2015,36,30,33,31,24,1
LUNDI   ,20/07/2015,31,17,2,24,29,1
SAMEDI  ,18/07/2015,45,41,37,35,18,3
MERCREDI,15/07/2015,46,2,30,43,14,8
LUNDI   ,13/07/2015,22,39,31,37,29,8
SAMEDI  ,11/07/2015,14,26,4,23,36,1
MERCREDI,08/07/2015,5,39,32,42,20,7
LUNDI   ,06/07/2015,17,12,36,35,43,3
SAMEDI  ,04/07/2015,4,49,38,29,40,3
MERCREDI,01/07/2015,49,5,19,18,38,10
LUNDI   ,29/06/2015,14,16,2,12,42,7
SAMEDI  ,27/06/2015,47,14,42,40,29,4
MERCREDI,24/06/2015,29,49,38,25,41,2
LUNDI   ,22/06/2015,35,43,37,24,38,2
SAMEDI  ,20/06/2015,32,8,3,13,37,4
MERCREDI,17/06/2015,44,30,26,48,41,1
LUNDI   ,15/06/2015,35,19,37,22,16,2
SAMEDI  ,13/06/2015,16,11,29,15,46,4
MERCREDI,10/06/2015,12,46,40,8,19,8
LUNDI   ,08/06/2015,41,3,8,9,44,10
SAMEDI  ,06/06/2015,4,24,29,47,30,3
MERCREDI,03/06/2015,12,18,30,25,47,2
LUNDI   ,01/06/2015,3,38,4,49,12,2
SAMEDI  ,30/05/2015,43,6,30,47,45,5
MERCREDI,27/05/2015,22,32,42,8,29,3
LUNDI   ,25/05/2015,44,35,49,15,29,3
SAMEDI  ,23/05/2015,45,41,12,26,19,7
MERCREDI,20/05/2015,12,10,22,37,41,10
LUNDI   ,18/05/2015,38,41,39,2,10,5
SAMEDI  ,16/05/2015,39,8,22,46,23,3
MERCREDI,13/05/2015,45,22,37,15,6,5
LUNDI   ,11/05/2015,49,1,34,28,31,4
SAMEDI  ,09/05/2015,4,46,8,29,40,3
MERCREDI,06/05/2015,35,32,29,7,34,10
LUNDI   ,04/05/2015,14,30,48,8,49,1
SAMEDI  ,02/05/2015,46,33,30,19,3,5
MERCREDI,29/04/2015,42,20,2,35,49,3
LUNDI   ,27/04/2015,15,28,43,41,5,4
SAMEDI  ,25/04/2015,30,20,29,10,27,6
MERCREDI,22/04/2015,10,43,21,25,45,5
LUNDI   ,20/04/2015,10,37,28,15,2,2
SAMEDI  ,18/04/2015,44,1,49,38,20,3
MERCREDI,15/04/2015,43,6,10,30,39,5
LUNDI   ,13/04/2015,41,9,43,48,36,2
SAMEDI  ,11/04/2015,45,41,5,17,33,9
MERCREDI,08/04/2015,15,36,38,30,2,2
LUNDI   ,06/04/2015,31,16,33,17,1,3
SAMEDI  ,04/04/2015,33,15,23,28,39,1
MERCREDI,01/04/2015,13,21,25,20,41,4
LUNDI   ,30/03/2015,4,20,13,10,32,1
SAMEDI  ,28/03/2015,20,19,40,39,27,8
MERCREDI,25/03/2015,43,10,20,9,17,7
LUNDI   ,23/03/2015,48,49,3,1,20,7
SAMEDI  ,21/03/2015,28,47,41,22,21,5
MERCREDI,18/03/2015,26,15,10,4,30,5
LUNDI   ,16/03/2015,35,11,49,7,48,7
SAMEDI  ,14/03/2015,30,39,3,14,8,10
MERCREDI,11/03/2015,49,2,35,1,36,4
LUNDI   ,09/03/2015,35,31,26,34,28,5
SAMEDI  ,07/03/2015,48,9,18,43,3,2
MERCREDI,04/03/2015,32,16,8,23,34,4
LUNDI   ,02/03/2015,17,11,27,48,23,1
SAMEDI  ,28/02/2015,14,46,5,30,36,6
MERCREDI,25/02/2015,44,47,20,30,29,1
LUNDI   ,23/02/2015,40,3,22,4,28,2
SAMEDI  ,21/02/2015,3,45,47,13,27,4
MERCREDI,18/02/2015,44,21,29,9,25,7
LUNDI   ,16/02/2015,36,14,9,1,20,2
SAMEDI  ,14/02/2015,27,41,38,26,2,7
MERCREDI,11/02/2015,13,40,24,17,45,3
LUNDI   ,09/02/2015,40,49,34,27,4,2
SAMEDI  ,07/02/2015,21,29,7,37,19,2
MERCREDI,04/02/2015,49,9,28,24,35,4
LUNDI   ,02/02/2015,17,16,14,1,11,10
SAMEDI  ,31/01/2015,14,31,46,25,4,5
MERCREDI,28/01/2015,41,12,33,9,16,1
LUNDI   ,26/01/2015,18,17,27,35,40,6
SAMEDI  ,24/01/2015,36,44,21,13,5,1
MERCREDI,21/01/2015,19,6,34,49,42,10
LUNDI   ,19/01/2015,25,4,18,7,35,4
SAMEDI  ,17/01/2015,43,19,30,39,40,4
MERCREDI,14/01/2015,23,18,7,2,21,6
LUNDI   ,12/01/2015,20,15,27,13,34,1
SAMEDI  ,10/01/2015,18,5,33,2,23,4
MERCREDI,07/01/2015,20,29,21,33,7,1
LUNDI   ,05/01/2015,37,8,49,31,45,7
SAMEDI  ,03/01/2015,31,32,12,28,48,3
MERCREDI,31/12/2014,46,43,41,37,34,10
LUNDI   ,29/12/2014,30,26,44,27,49,1
SAMEDI  ,27/12/2014,20,48,34,39,4,10
MERCREDI,24/12/2014,31,36,4,22,18,7
LUNDI   ,22/12/2014,34,35,23,16,6,8
SAMEDI  ,20/12/2014,19,10,26,21,22,9
MERCREDI,17/12/2014,32,46,6,8,13,10
LUNDI   ,15/12/2014,23,47,41,42,15,4
SAMEDI  ,13/12/2014,43,13,10,20,38,1
MERCREDI,10/12/2014,27,11,16,3,8,6
LUNDI   ,08/12/2014,10,14,43,32,47,10
SAMEDI  ,06/12/2014,43,37,20,10,18,8
MERCREDI,03/12/2014,49,26,28,31,11,7
LUNDI   ,01/12/2014,43,49,40,48,44,8
SAMEDI  ,29/11/2014,18,44,2,47,49,2
MERCREDI,26/11/2014,5,34,47,12,20,3
LUNDI   ,24/11/2014,18,47,49,32,17,3
SAMEDI  ,22/11/2014,22,1,44,9,26,10
MERCREDI,19/11/2014,41,18,13,14,29,3
LUNDI   ,17/11/2014,23,47,16,48,35,10
SAMEDI  ,15/11/2014,28,16,39,23,3,10
MERCREDI,12/11/2014,27,13,19,40,23,5
LUNDI   ,10/11/2014,24,23,30,6,18,7
SAMEDI  ,08/11/2014,40,14,46,27,7,5
MERCREDI,05/11/2014,27,24,37,46,1,1
LUNDI   ,03/11/2014,34,45,18,44,24,8
SAMEDI  ,01/11/2014,48,29,2,36,9,10
MERCREDI,29/10/2014,32,18,17,6,29,9
LUNDI   ,27/10/2014,13,32,12,28,33,6
SAMEDI  ,25/10/2014,14,39,24,49,47,4
MERCREDI,22/10/2014,10,19,47,35,33,2
LUNDI   ,20/10/2014,30,40,13,21,26,5
SAMEDI  ,18/10/2014,1,43,24,15,27,7
MERCREDI,15/10/2014,28,9,37,41,46,10
LUNDI   ,13/10/2014,29,15,1,12,30,1
SAMEDI  ,11/10/2014,24,19,10,28,15,9
MERCREDI,08/10/2014,13,4,21,43,23,10
LUNDI   ,06/10/2014,20,22,46,40,9,7
SAMEDI  ,04/10/2014,14,45,29,12,41,7
MERCREDI,01/10/2014,17,42,44,27,16,8
LUNDI   ,29/09/2014,41,28,17,4,33,5
SAMEDI  ,27/09/2014,26,29,9,35,38,5
MERCREDI,24/09/2014,16,49,10,38,25,9
LUNDI   ,22/09/2014,44,31,26,1,13,6
SAMEDI  ,20/09/2014,34,31,25,46,22,6
MERCREDI,17/09/2014,23,18,10,6,3,4
LUNDI   ,15/09/2014,16,44,2,10,35,6
SAMEDI  ,13/09/2014,7,28,27,23,33,1
MERCREDI,10/09/2014,6,16,31,26,40,7
LUNDI   ,08/09/2014,1,40,17,43,42,10
SAMEDI  ,06/09/2014,42,14,15,13,3,7
MERCREDI,03/09/2014,10,38,20,4,13,4
LUNDI   ,01/09/2014,42,22,47,16,38,1
SAMEDI  ,30/08/2014,25,40,30,36,6,8
MERCREDI,27/08/2014,4,44,32,22,14,2
LUNDI   ,25/08/2014,26,9,45,31,43,1
SAMEDI  ,23/08/2014,7,17,29,26,21,7
MERCREDI,20/08/2014,22,33,31,41,15,4
LUNDI   ,18/08/2014,24,45,19,1,46,3
SAMEDI  ,16/08/2014,22,40,23,37,9,4
MERCREDI,13/08/2014,3,18,13,43,28,5
LUNDI   ,11/08/2014,36,32,11,46,25,7
SAMEDI  ,09/08/2014,34,4,5,9,21,7
MERCREDI,06/08/2014,13,41,34,21,15,8
LUNDI   ,04/08/2014,16,28,36,24,43,6
SAMEDI  ,02/08/2014,25,32,4,8,41,10
MERCREDI,30/07/2014,25,7,13,9,8,9
LUNDI   ,28/07/2014,45,14,1,42,43,9
SAMEDI  ,26/07/2014,1,5,43,41,22,4
MERCREDI,23/07/2014,1,32,8,15,24,6
LUNDI   ,21/07/2014,21,3,9,27,10,4
SAMEDI  ,19/07/2014,8,44,29,43,45,6
MERCREDI,16/07/2014,42,3,36,28,49,7
LUNDI   ,14/07/2014,21,41,32,38,37,9
SAMEDI  ,12/07/2014,29,23,22,13,1,1
MERCREDI,09/07/2014,8,6,36,4,34,5
LUNDI   ,07/07/2014,31,41,32,14,13,10
SAMEDI  ,05/07/2014,25,11,7,33,3,6
MERCREDI,02/07/2014,36,27,8,39,47,3
LUNDI   ,30/06/2014,47,27,5,24,46,2
SAMEDI  ,28/06/2014,40,24,22,13,43,3
MERCREDI,25/06/2014,5,4,23,30,41,4
LUNDI   ,23/06/2014,40,38,32,4,31,4
SAMEDI  ,21/06/2014,11,3,30,29,32,1
MERCREDI,18/06/2014,47,13,30,9,18,3
LUNDI   ,16/06/2014,5,37,16,42,3,1
SAMEDI  ,14/06/2014,7,24,18,34,5,5
MERCREDI,11/06/2014,22,9,42,15,32,6
LUNDI   ,09/06/2014,47,34,45,35,10,9
SAMEDI  ,07/06/2014,5,37,45,38,21,2
MERCREDI,04/06/2014,43,36,8,22,3,3
LUNDI   ,02/06/2014,41,35,47,26,22,5
SAMEDI  ,31/05/2014,16,2,28,40,14,1
MERCREDI,28/05/2014,9,26,8,48,46,7
LUNDI   ,26/05/2014,3,8,40,39,32,1
SAMEDI  ,24/05/2014,40,18,39,24,17,1
MERCREDI,21/05/2014,49,9,35,23,1,1
LUNDI   ,19/05/2014,49,41,8,9,40,3
SAMEDI  ,17/05/2014,48,41,37,32,43,7
MERCREDI,14/05/2014,6,25,21,5,33,1
LUNDI   ,12/05/2014,43,33,36,12,2,5
SAMEDI  ,10/05/2014,37,6,15,21,17,4
MERCREDI,07/05/2014,6,46,47,11,1,5
LUNDI   ,05/05/2014,28,16,37,19,2,10
SAMEDI  ,03/05/2014,16,5,41,11,36,5
MERCREDI,30/04/2014,32,35,19,23,43,10
LUNDI   ,28/04/2014,45,32,19,49,36,7
SAMEDI  ,26/04/2014,2,38,43,14,3,4
MERCREDI,23/04/2014,3,30,10,29,39,10
LUNDI   ,21/04/2014,27,9,38,18,20,1
SAMEDI  ,19/04/2014,22,40,21,12,45,8
MERCREDI,16/04/2014,26,25,12,49,8,1
LUNDI   ,14/04/2014,11,7,43,45,14,3
SAMEDI  ,12/04/2014,5,34,42,16,10,10
MERCREDI,09/04/2014,28,14,39,12,38,10
LUNDI   ,07/04/2014,23,42,11,31,13,4
SAMEDI  ,05/04/2014,40,9,22,13,45,5
MERCREDI,02/04/2014,6,41,28,16,34,4
LUNDI   ,31/03/2014,28,6,7,32,2,4
SAMEDI  ,29/03/2014,19,12,28,29,45,4
MERCREDI,26/03/2014,40,47,38,11,21,6
LUNDI   ,24/03/2014,18,41,39,21,37,9
SAMEDI  ,22/03/2014,20,49,14,26,4,2
MERCREDI,19/03/2014,27,19,5,26,28,9
LUNDI   ,17/03/2014,8,33,22,45,19,6
SAMEDI  ,15/03/2014,5,26,30,15,37,4
MERCREDI,12/03/2014,42,36,1,20,25,10
LUNDI   ,10/03/2014,43,16,4,6,30,9
SAMEDI  ,08/03/2014,35,40,6,46,15,7
MERCREDI,05/03/2014,12,1,32,42,31,1
LUNDI   ,03/03/2014,41,40,28,21,36,10
SAMEDI  ,01/03/2014,17,20,15,5,4,5
MERCREDI,26/02/2014,19,41,5,22,33,1
LUNDI   ,24/02/2014,18,8,5,21,38,7
SAMEDI  ,22/02/2014,30,26,48,32,1,10
MERCREDI,19/02/2014,44,32,25,47,27,7
LUNDI   ,17/02/2014,20,32,9,23,1,1
SAMEDI  ,15/02/2014,33,4,12,49,18,9
MERCREDI,12/02/2014,7,16,48,15,10,7
LUNDI   ,10/02/2014,18,11,41,45,17,2
SAMEDI  ,08/02/2014,6,7,39,38,14,7
MERCREDI,05/02/2014,2,48,16,7,41,8
LUNDI   ,03/02/2014,44,33,5,1,13,2
SAMEDI  ,01/02/2014,21,2,48,41,10,6
MERCREDI,29/01/2014,35,8,6,25,2,8
LUNDI   ,27/01/2014,46,19,33,1,48,4
SAMEDI  ,25/01/2014,18,37,17,14,30,5
MERCREDI,22/01/2014,38,42,1,22,40,7
LUNDI   ,20/01/2014,10,1,42,40,35,5
SAMEDI  ,18/01/2014,43,1,37,47,2,8
MERCREDI,15/01/2014,7,20,35,37,30,6
LUNDI   ,13/01/2014,33,3,47,29,20,4
SAMEDI  ,11/01/2014,35,25,18,8,39,9
MERCREDI,08/01/2014,4,42,29,45,14,8
LUNDI   ,06/01/2014,30,29,17,13,19,9
SAMEDI  ,04/01/2014,1,29,45,6,16,5
MERCREDI,01/01/2014,39,37,34,26,6,7
LUNDI   ,30/12/2013,20,22,44,41,11,8
SAMEDI  ,28/12/2013,1,16,20,32,26,7
MERCREDI,25/12/2013,36,23,45,28,24,3
LUNDI   ,23/12/2013,34,29,41,37,18,5
SAMEDI  ,21/12/2013,24,18,19,33,10,4
MERCREDI,18/12/2013,36,46,38,8,30,1
LUNDI   ,16/12/2013,36,31,1,37,33,6
SAMEDI  ,14/12/2013,46,45,8,30,18,1
MERCREDI,11/12/2013,43,4,39,40,27,8
LUNDI   ,09/12/2013,45,33,20,24,6,6
SAMEDI  ,07/12/2013,17,14,2,8,34,7
MERCREDI,04/12/2013,21,34,27,25,29,3
LUNDI   ,02/12/2013,33,34,19,40,36,5
SAMEDI  ,30/11/2013,19,36,20,40,2,2
MERCREDI,27/11/2013,16,12,45,34,11,9
LUNDI   ,25/11/2013,27,15,16,4,42,4
SAMEDI  ,23/11/2013,4,2,48,12,33,9
MERCREDI,20/11/2013,35,28,46,14,18,1
LUNDI   ,18/11/2013,36,46,29,3,28,10
SAMEDI  ,16/11/2013,38,44,20,29,33,8
MERCREDI,13/11/2013,7,38,16,36,47,6
LUNDI   ,11/11/2013,42,48,32,12,16,9
SAMEDI  ,09/11/2013,39,33,12,30,9,4
MERCREDI,06/11/2013,20,40,30,16,6,3
LUNDI   ,04/11/2013,13,18,8,24,15,6
SAMEDI  ,02/11/2013,7,12,4,13,18,9
MERCREDI,30/10/2013,46,48,14,21,35,1
LUNDI   ,28/10/2013,44,32,8,14,23,8
SAMEDI  ,26/10/2013,40,3,35,42,47,7
MERCREDI,23/10/2013,5,11,20,22,10,3
LUNDI   ,21/10/2013,25,32,35,17,36,7
SAMEDI  ,19/10/2013,33,49,44,8,25,1
MERCREDI,16/10/2013,9,12,40,23,14,8
LUNDI   ,14/10/2013,21,35,19,15,33,4
SAMEDI  ,12/10/2013,24,32,22,4,17,8
MERCREDI,09/10/2013,1,26,18,20,12,2
LUNDI   ,07/10/2013,16,31,6,46,15,5
SAMEDI  ,05/10/2013,9,7,14,27,38,9
MERCREDI,02/10/2013,11,21,39,17,6,7
LUNDI   ,30/09/2013,10,26,45,15,28,9
SAMEDI  ,28/09/2013,34,29,45,1,9,5
MERCREDI,25/09/2013,6,2,44,43,12,5
LUNDI   ,23/09/2013,2,11,21,1,36,1
SAMEDI  ,21/09/2013,41,30,17,26,16,9
MERCREDI,18/09/2013,35,26,45,4,40,3
LUNDI   ,16/09/2013,6,15,24,38,26,5
SAMEDI  ,14/09/2013,49,18,28,24,43,7
MERCREDI,11/09/2013,35,13,7,6,23,2
LUNDI   ,09/09/2013,22,23,35,3,5,7
SAMEDI  ,07/09/2013,25,24,44,11,1,3
MERCREDI,04/09/2013,49,6,25,17,42,6
LUNDI   ,02/09/2013,46,16,20,41,8,8
SAMEDI  ,31/08/2013,26,3,2,33,14,7
MERCREDI,28/08/2013,40,23,30,2,33,1
LUNDI   ,26/08/2013,49,1,9,14,25,10
SAMEDI  ,24/08/2013,39,11,5,29,41,7
MERCREDI,21/08/2013,39,12,38,11,26,10
LUNDI   ,19/08/2013,40,25,2,3,46,9
SAMEDI  ,17/08/2013,43,33,32,26,41,10
MERCREDI,14/08/2013,30,22,5,35,17,2
LUNDI   ,12/08/2013,4,11,38,28,21,7
SAMEDI  ,10/08/2013,19,5,41,15,24,5
MERCREDI,07/08/2013,45,33,16,40,3,4
LUNDI   ,05/08/2013,24,39,11,6,43,4
SAMEDI  ,03/08/2013,44,22,33,27,17,9
MERCREDI,31/07/2013,28,31,23,41,8,7
LUNDI   ,29/07/2013,4,34,40,35,36,5
SAMEDI  ,27/07/2013,35,44,29,37,10,4
MERCREDI,24/07/2013,27,37,19,36,44,3
LUNDI   ,22/07/2013,12,32,29,7,38,1
SAMEDI  ,20/07/2013,48,28,9,17,30,7
MERCREDI,17/07/2013,16,8,17,48,31,4
LUNDI   ,15/07/2013,34,7,43,33,44,9
SAMEDI  ,13/07/2013,31,21,37,10,28,8
MERCREDI,10/07/2013,31,37,24,39,14,7
LUNDI   ,08/07/2013,44,8,24,25,26,5
SAMEDI  ,06/07/2013,13,35,30,44,12,2
MERCREDI,03/07/2013,36,2,7,25,39,4
LUNDI   ,01/07/2013,5,31,21,37,38,6
SAMEDI  ,29/06/2013,23,37,8,14,9,7
MERCREDI,26/06/2013,39,16,19,29,12,8
LUNDI   ,24/06/2013,29,5,24,19,10,1
SAMEDI  ,22/06/2013,21,26,37,16,35,8
MERCREDI,19/06/2013,32,22,17,43,19,1
LUNDI   ,17/06/2013,38,39,3,17,1,1
SAMEDI  ,15/06/2013,32,38,26,4,23,2
MERCREDI,12/06/2013,20,40,46,3,44,4
LUNDI   ,10/06/2013,13,15,3,35,32,1
SAMEDI  ,08/06/2013,19,33,29,32,17,2
MERCREDI,05/06/2013,27,41,23,25,4,1
LUNDI   ,03/06/2013,14,4,38,34,25,9
SAMEDI  ,01/06/2013,21,30,8,7,6,3
MERCREDI,29/05/2013,34,41,48,23,45,7
LUNDI   ,27/05/2013,37,15,9,28,13,2
SAMEDI  ,25/05/2013,42,7,36,13,40,2
MERCREDI,22/05/2013,3,34,2,17,13,9
LUNDI   ,20/05/2013,47,27,25,23,9,3
SAMEDI  ,18/05/2013,4,5,20,7,17,3
MERCREDI,15/05/2013,32,27,8,13,11,4
LUNDI   ,13/05/2013,23,29,40,49,15,5
SAMEDI  ,11/05/2013,26,49,45,3,16,9
MERCREDI,08/05/2013,13,5,43,25,15,10
LUNDI   ,06/05/2013,48,13,15,24,23,7
SAMEDI  ,04/05/2013,6,13,40,45,15,4
MERCREDI,01/05/2013,7,41,31,32,4,9
LUNDI   ,29/04/2013,12,21,39,11,27,9
SAMEDI  ,27/04/2013,17,26,39,19,9,10
MERCREDI,24/04/2013,1,48,13,6,5,9
LUNDI   ,22/04/2013,22,16,11,37,14,1
SAMEDI  ,20/04/2013,28,24,3,42,9,9
MERCREDI,17/04/2013,38,16,32,12,29,8
LUNDI   ,15/04/2013,45,20,21,26,46,3
SAMEDI  ,13/04/2013,23,43,22,41,33,4
MERCREDI,10/04/2013,9,18,3,45,28,5
LUNDI   ,08/04/2013,19,6,38,8,37,2
SAMEDI  ,06/04/2013,15,29,42,1,33,7
MERCREDI,03/04/2013,36,18,37,42,45,8
LUNDI   ,01/04/2013,47,16,10,43,27,2
SAMEDI  ,30/03/2013,26,10,9,30,34,2
MERCREDI,27/03/2013,21,47,24,49,33,3
LUNDI   ,25/03/2013,29,25,14,41,10,4
SAMEDI  ,23/03/2013,17,11,41,9,24,6
MERCREDI,20/03/2013,37,5,1,49,12,7
LUNDI   ,18/03/2013,10,20,18,24,32,9
SAMEDI  ,16/03/2013,16,5,46,33,38,5
MERCREDI,13/03/2013,13,12,34,41,40,7
LUNDI   ,11/03/2013,8,16,44,7,49,6
SAMEDI  ,09/03/2013,49,4,40,11,22,5
MERCREDI,06/03/2013,28,36,42,26,44,4
LUNDI   ,04/03/2013,47,1,45,9,30,10
SAMEDI  ,02/03/2013,18,38,5,22,30,2
MERCREDI,27/02/2013,25,40,21,34,6,7
LUNDI   ,25/02/2013,43,18,17,14,46,2
SAMEDI  ,23/02/2013,47,36,42,30,45,5
MERCREDI,20/02/2013,6,8,42,27,7,1
LUNDI   ,18/02/2013,2,13,19,41,5,5
SAMEDI  ,16/02/2013,19,34,26,27,4,6
MERCREDI,13/02/2013,39,48,19,46,14,2
LUNDI   ,11/02/2013,25,42,1,36,45,7
SAMEDI  ,09/02/2013,23,5,2,47,4,7
MERCREDI,06/02/2013,40,3,7,33,25,1
LUNDI   ,04/02/2013,34,33,18,6,30,2
SAMEDI  ,02/02/2013,45,33,7,6,34,3
MERCREDI,30/01/2013,41,31,40,11,48,5
LUNDI   ,28/01/2013,38,29,20,40,28,9
SAMEDI  ,26/01/2013,18,39,2,23,34,6
MERCREDI,23/01/2013,11,49,36,9,19,6
LUNDI   ,21/01/2013,35,7,32,38,22,6
SAMEDI  ,19/01/2013,22,23,45,42,9,8
MERCREDI,16/01/2013,27,6,16,24,46,5
LUNDI   ,14/01/2013,35,30,10,37,7,6
SAMEDI  ,12/01/2013,13,48,40,6,37,7
MERCREDI,09/01/2013,30,33,22,29,26,9
LUNDI   ,07/01/2013,45,31,15,32,48,5
SAMEDI  ,05/01/2013,30,46,47,6,45,6
MERCREDI,02/01/2013,33,21,37,22,31,4
LUNDI   ,31/12/2012,4,47,21,44,36,3
SAMEDI  ,29/12/2012,45,7,11,37,23,4
MERCREDI,26/12/2012,3,17,31,5,2,9
LUNDI   ,24/12/2012,5,12,32,7,47,6
SAMEDI  ,22/12/2012,47,1,2,34,24,1
MERCREDI,19/12/2012,5,10,25,19,49,8
LUNDI   ,17/12/2012,16,27,39,29,32,5
SAMEDI  ,15/12/2012,26,24,11,33,41,9
MERCREDI,12/12/2012,37,19,32,36,20,4
LUNDI   ,10/12/2012,36,16,4,20,47,8
SAMEDI  ,08/12/2012,22,47,45,24,28,2
MERCREDI,05/12/2012,28,24,36,45,27,8
LUNDI   ,03/12/2012,39,25,16,6,11,6
SAMEDI  ,01/12/2012,19,25,12,45,44,10
MERCREDI,28/11/2012,16,34,28,4,11,1
LUNDI   ,26/11/2012,35,15,48,44,9,6
SAMEDI  ,24/11/2012,18,21,19,5,28,2
MERCREDI,21/11/2012,10,43,6,4,46,10
LUNDI   ,19/11/2012,6,41,16,1,3,1
SAMEDI  ,17/11/2012,8,6,27,37,33,7
MERCREDI,14/11/2012,29,40,39,46,21,8
LUNDI   ,12/11/2012,25,45,20,6,48,7
SAMEDI  ,10/11/2012,19,46,17,3,43,5
MERCREDI,07/11/2012,34,16,21,2,40,7
LUNDI   ,05/11/2012,27,14,37,9,33,7
SAMEDI  ,03/11/2012,15,11,9,22,36,8
MERCREDI,31/10/2012,29,23,41,16,5,1
LUNDI   ,29/10/2012,19,16,46,13,38,7
SAMEDI  ,27/10/2012,29,2,41,47,10,1
MERCREDI,24/10/2012,30,24,5,40,17,7
LUNDI   ,22/10/2012,28,25,24,14,41,5
SAMEDI  ,20/10/2012,34,14,11,24,41,5
MERCREDI,17/10/2012,19,10,32,20,13,2
LUNDI   ,15/10/2012,7,23,11,39,44,8
SAMEDI  ,13/10/2012,41,49,1,35,16,4
MERCREDI,10/10/2012,16,35,37,3,19,3
LUNDI   ,08/10/2012,39,32,24,13,27,2
SAMEDI  ,06/10/2012,27,1,47,30,39,4
MERCREDI,03/10/2012,16,44,25,26,24,1
LUNDI   ,01/10/2012,34,2,40,29,41,6
SAMEDI  ,29/09/2012,21,18,47,10,7,1
MERCREDI,26/09/2012,42,29,38,12,46,9
LUNDI   ,24/09/2012,41,18,40,1,21,6
SAMEDI  ,22/09/2012,17,23,37,44,25,9
MERCREDI,19/09/2012,49,5,34,27,41,7
LUNDI   ,17/09/2012,16,25,14,7,17,7
SAMEDI  ,15/09/2012,17,21,43,37,15,2
MERCREDI,12/09/2012,32,1,49,12,38,8
LUNDI   ,10/09/2012,19,28,43,3,25,9
SAMEDI  ,08/09/2012,9,22,43,34,15,4
MERCREDI,05/09/2012,37,8,1,26,10,4
LUNDI   ,03/09/2012,34,27,22,18,37,3
SAMEDI  ,01/09/2012,28,5,22,25,13,10
MERCREDI,29/08/2012,20,29,26,11,8,9
LUNDI   ,27/08/2012,18,32,40,7,8,5
SAMEDI  ,25/08/2012,9,13,2,29,10,9
MERCREDI,22/08/2012,14,13,18,33,22,7
LUNDI   ,20/08/2012,45,26,33,27,11,2
SAMEDI  ,18/08/2012,25,26,42,12,2,7
MERCREDI,15/08/2012,13,24,2,15,19,5
LUNDI   ,13/08/2012,49,25,12,16,4,4
SAMEDI  ,11/08/2012,7,1,10,45,44,9
MERCREDI,08/08/2012,32,35,42,11,1,4
LUNDI   ,06/08/2012,12,7,10,34,47,7
SAMEDI  ,04/08/2012,29,49,34,26,25,6
MERCREDI,01/08/2012,33,45,17,30,11,6
LUNDI   ,30/07/2012,35,6,38,4,13,3
SAMEDI  ,28/07/2012,29,4,6,39,7,3
MERCREDI,25/07/2012,17,16,14,32,36,6
LUNDI   ,23/07/2012,40,31,38,23,28,3
SAMEDI  ,21/07/2012,22,3,1,44,40,3
MERCREDI,18/07/2012,26,25,4,28,32,5
LUNDI   ,16/07/2012,3,32,6,19,37,2
SAMEDI  ,14/07/2012,22,44,40,5,41,6
MERCREDI,11/07/2012,23,20,30,21,36,9
LUNDI   ,09/07/2012,15,38,41,45,26,3
SAMEDI  ,07/07/2012,5,30,17,1,44,1
MERCREDI,04/07/2012,13,40,37,17,39,6
LUNDI   ,02/07/2012,2,15,7,46,6,5
SAMEDI  ,30/06/2012,13,45,1,42,12,4
MERCREDI,27/06/2012,22,41,5,1,11,7
LUNDI   ,25/06/2012,27,11,40,10,13,7
SAMEDI  ,23/06/2012,41,12,6,47,27,3
MERCREDI,20/06/2012,36,33,15,41,47,5
LUNDI   ,18/06/2012,37,5,7,16,38,3
SAMEDI  ,16/06/2012,14,31,1,39,27,6
MERCREDI,13/06/2012,33,48,20,8,3,10
LUNDI   ,11/06/2012,20,6,16,4,29,1
SAMEDI  ,09/06/2012,13,25,14,18,20,6
MERCREDI,06/06/2012,21,23,12,24,13,6
LUNDI   ,04/06/2012,38,42,35,43,40,4
SAMEDI  ,02/06/2012,26,9,34,39,22,1
MERCREDI,30/05/2012,9,30,13,17,5,3
LUNDI   ,28/05/2012,30,42,38,15,41,3
SAMEDI  ,26/05/2012,27,47,40,41,29,7
MERCREDI,23/05/2012,19,1,35,49,3,9
LUNDI   ,21/05/2012,37,45,23,19,7,10
SAMEDI  ,19/05/2012,11,23,48,24,42,2
MERCREDI,16/05/2012,21,49,22,15,31,1
LUNDI   ,14/05/2012,26,11,3,22,43,6
SAMEDI  ,12/05/2012,6,34,22,20,19,5
MERCREDI,09/05/2012,36,26,18,41,32,4
LUNDI   ,07/05/2012,21,13,26,46,12,10
SAMEDI  ,05/05/2012,21,10,37,8,11,9
MERCREDI,02/05/2012,35,26,29,3,38,1
LUNDI   ,30/04/2012,39,22,32,18,4,4
SAMEDI  ,28/04/2012,48,22,10,2,37,4
MERCREDI,25/04/2012,44,15,20,30,29,7
LUNDI   ,23/04/2012,33,9,34,45,24,6
SAMEDI  ,21/04/2012,41,3,48,31,18,10
MERCREDI,18/04/2012,34,5,3,20,24,3
LUNDI   ,16/04/2012,2,21,13,1,16,2
SAMEDI  ,14/04/2012,1,22,45,40,3,1
MERCREDI,11/04/2012,49,27,15,29,19,1
LUNDI   ,09/04/2012,26,14,31,33,2,10
SAMEDI  ,07/04/2012,46,19,45,42,47,8
MERCREDI,04/04/2012,36,40,27,38,11,8
LUNDI   ,02/04/2012,33,23,3,19,39,2
SAMEDI  ,31/03/2012,16,25,1,26,2,9
MERCREDI,28/03/2012,15,20,45,17,4,9
LUNDI   ,26/03/2012,36,14,49,29,13,6
SAMEDI  ,24/03/2012,48,8,18,13,11,8
MERCREDI,21/03/2012,8,14,43,37,48,5
LUNDI   ,19/03/2012,10,28,4,11,15,4
SAMEDI  ,17/03/2012,32,14,49,23,13,1
MERCREDI,14/03/2012,13,7,31,36,43,9
LUNDI   ,12/03/2012,48,25,16,46,14,10
SAMEDI  ,10/03/2012,2,40,4,44,37,5
MERCREDI,07/03/2012,6,39,31,22,16,7
LUNDI   ,05/03/2012,31,30,28,34,17,3
SAMEDI  ,03/03/2012,2,24,3,39,27,8
MERCREDI,29/02/2012,14,27,11,17,35,4
LUNDI   ,27/02/2012,45,41,33,8,23,1
SAMEDI  ,25/02/2012,8,7,19,4,27,1
MERCREDI,22/02/2012,43,33,39,11,31,10
LUNDI   ,20/02/2012,34,31,9,3,35,5
SAMEDI  ,18/02/2012,49,48,5,17,47,6
MERCREDI,15/02/2012,11,36,10,22,31,1
LUNDI   ,13/02/2012,23,9,22,24,36,5
SAMEDI  ,11/02/2012,11,12,46,32,36,6
MERCREDI,08/02/2012,27,19,12,37,15,3
LUNDI   ,06/02/2012,15,49,24,13,29,3
SAMEDI  ,04/02/2012,38,32,10,17,9,3
MERCREDI,01/02/2012,16,5,49,43,2,7
LUNDI   ,30/01/2012,22,40,1,35,32,8
SAMEDI  ,28/01/2012,23,12,47,15,18,6
MERCREDI,25/01/2012,2,23,8,30,48,5
LUNDI   ,23/01/2012,39,44,48,20,25,6
SAMEDI  ,21/01/2012,36,23,1,31,17,4
MERCREDI,18/01/2012,21,9,33,13,42,4
LUNDI   ,16/01/2012,39,36,29,47,38,8
SAMEDI  ,14/01/2012,1,38,19,49,29,8
MERCREDI,11/01/2012,9,7,44,36,23,7
LUNDI   ,09/01/2012,34,15,26,25,32,4
SAMEDI  ,07/01/2012,1,6,12,10,8,8
MERCREDI,04/01/2012,10,23,2,43,34,5
LUNDI   ,02/01/2012,3,36,30,16,24,9
SAMEDI  ,31/12/2011,32,35,17,28,2,2
MERCREDI,28/12/2011,39,41,16,31,36,5
LUNDI   ,26/12/2011,36,43,42,23,28,4
SAMEDI  ,24/12/2011,7,10,28,11,12,8
MERCREDI,21/12/2011,27,42,33,45,37,2
LUNDI   ,19/12/2011,42,23,13,35,26,5
SAMEDI  ,17/12/2011,41,9,37,38,34,5
MERCREDI,14/12/2011,42,14,21,33,48,1
LUNDI   ,12/12/2011,48,29,1,25,16,1
SAMEDI  ,10/12/2011,14,43,26,30,28,8
MERCREDI,07/12/2011,32,35,31,48,8,1
LUNDI   ,05/12/2011,43,47,38,36,30,5
SAMEDI  ,03/12/2011,31,6,49,34,26,1
MERCREDI,30/11/2011,29,2,42,49,4,2
LUNDI   ,28/11/2011,11,24,1,15,2,9
SAMEDI  ,26/11/2011,47,31,16,3,39,1
MERCREDI,23/11/2011,39,16,6,10,21,5
LUNDI   ,21/11/2011,46,33,31,49,18,1
SAMEDI  ,19/11/2011,45,37,22,33,34,5
MERCREDI,16/11/2011,37,41,27,17,12,10
LUNDI   ,14/11/2011,25,43,18,22,3,7
SAMEDI  ,12/11/2011,44,48,13,33,12,7
MERCREDI,09/11/2011,17,8,23,12,37,2
LUNDI   ,07/11/2011,18,47,11,2,30,5
SAMEDI  ,05/11/2011,38,2,13,32,20,10
MERCREDI,02/11/2011,2,38,44,35,42,9
LUNDI   ,31/10/2011,24,13,47,37,21,7
SAMEDI  ,29/10/2011,12,17,46,42,38,8
MERCREDI,26/10/2011,35,6,2,3,20,1
LUNDI   ,24/10/2011,15,18,17,5,31,7
SAMEDI  ,22/10/2011,45,44,32,29,6,7
MERCREDI,19/10/2011,38,35,23,3,44,8
LUNDI   ,17/10/2011,14,13,18,4,48,10
SAMEDI  ,15/10/2011,13,37,27,5,39,3
MERCREDI,12/10/2011,12,9,20,30,25,5
LUNDI   ,10/10/2011,15,47,16,45,3,7
SAMEDI  ,08/10/2011,31,44,21,30,22,7
MERCREDI,05/10/2011,20,2,7,42,27,5
LUNDI   ,03/10/2011,40,28,27,12,4,1
SAMEDI  ,01/10/2011,25,38,14,32,15,3
MERCREDI,28/09/2011,16,42,36,3,8,3
LUNDI   ,26/09/2011,11,44,33,4,49,9
SAMEDI  ,24/09/2011,36,4,41,33,40,6
MERCREDI,21/09/2011,40,20,46,19,16,4
LUNDI   ,19/09/2011,13,1,27,48,35,7
SAMEDI  ,17/09/2011,15,40,1,23,2,4
MERCREDI,14/09/2011,14,42,5,16,11,3
LUNDI   ,12/09/2011,13,45,18,32,30,2
SAMEDI  ,10/09/2011,15,1,28,24,10,5
MERCREDI,07/09/2011,13,40,41,3,12,7
LUNDI   ,05/09/2011,7,17,22,10,23,5
SAMEDI  ,03/09/2011,42,41,7,13,47,5
MERCREDI,31/08/2011,7,42,39,9,5,3
LUNDI   ,29/08/2011,46,30,12,3,10,2
SAMEDI  ,27/08/2011,27,21,19,13,45,2
MERCREDI,24/08/2011,3,36,47,4,17,4
LUNDI   ,22/08/2011,40,36,38,44,17,1
SAMEDI  ,20/08/2011,21,40,49,31,22,4
MERCREDI,17/08/2011,8,49,29,45,3,9
LUNDI   ,15/08/2011,23,3,8,4,1,8
SAMEDI  ,13/08/2011,3,13,4,41,5,9
MERCREDI,10/08/2011,28,4,27,29,38,2
LUNDI   ,08/08/2011,18,12,1,26,30,9
SAMEDI  ,06/08/2011,17,13,15,4,39,4
MERCREDI,03/08/2011,20,4,19,17,5,10
LUNDI   ,01/08/2011,32,37,43,10,25,3
SAMEDI  ,30/07/2011,8,41,20,46,12,1
MERCREDI,27/07/2011,6,11,7,5,4,10
LUNDI   ,25/07/2011,38,22,3,11,41,7
SAMEDI  ,23/07/2011,43,32,18,13,46,5
MERCREDI,20/07/2011,26,45,18,23,6,6
LUNDI   ,18/07/2011,19,5,38,47,26,7
SAMEDI  ,16/07/2011,27,35,42,18,37,3
MERCREDI,13/07/2011,4,46,41,12,16,6
LUNDI   ,11/07/2011,7,43,23,48,47,9
SAMEDI  ,09/07/2011,15,4,31,45,44,6
MERCREDI,06/07/2011,9,33,10,24,3,6
LUNDI   ,04/07/2011,14,46,31,25,37,4
SAMEDI  ,02/07/2011,49,11,26,1,7,5
MERCREDI,29/06/2011,38,11,37,1,18,4
LUNDI   ,27/06/2011,43,5,14,20,12,3
SAMEDI  ,25/06/2011,39,43,10,17,6,3
MERCREDI,22/06/2011,33,21,26,28,22,5
LUNDI   ,20/06/2011,27,2,23,8,36,9
SAMEDI  ,18/06/2011,9,12,43,46,33,10
MERCREDI,15/06/2011,47,41,9,37,36,8
LUNDI   ,13/06/2011,22,3,18,17,28,6
SAMEDI  ,11/06/2011,39,32,44,37,5,5
MERCREDI,08/06/2011,20,16,40,11,24,5
LUNDI   ,06/06/2011,10,30,45,22,13,1
SAMEDI  ,04/06/2011,35,4,27,15,3,2
MERCREDI,01/06/2011,30,45,32,25,26,5
LUNDI   ,30/05/2011,14,22,47,20,21,9
SAMEDI  ,28/05/2011,2,5,3,1,43,9
MERCREDI,25/05/2011,14,45,34,27,38,3
LUNDI   ,23/05/2011,15,29,38,19,33,3
SAMEDI  ,21/05/2011,27,15,35,5,14,10
MERCREDI,18/05/2011,27,23,16,17,47,1
LUNDI   ,16/05/2011,41,43,9,11,46,8
SAMEDI  ,14/05/2011,38,31,35,42,3,8
MERCREDI,11/05/2011,45,14,26,28,38,5
LUNDI   ,09/05/2011,13,48,3,26,22,7
SAMEDI  ,07/05/2011,42,28,37,38,3,8
MERCREDI,04/05/2011,44,29,11,7,13,2
LUNDI   ,02/05/2011,25,23,4,1,40,2
SAMEDI  ,30/04/2011,8,49,42,9,2,3
MERCREDI,27/04/2011,5,26,14,28,23,6
LUNDI   ,25/04/2011,18,2,21,34,10,2
SAMEDI  ,23/04/2011,40,21,28,32,8,9
MERCREDI,20/04/2011,15,41,18,17,33,9
LUNDI   ,18/04/2011,6,10,22,7,21,5
SAMEDI  ,16/04/2011,17,35,24,47,6,8
MERCREDI,13/04/2011,38,6,33,43,23,1
LUNDI   ,11/04/2011,13,47,22,3,32,6
SAMEDI  ,09/04/2011,6,20,31,22,41,8
MERCREDI,06/04/2011,12,19,1,32,44,3
LUNDI   ,04/04/2011,12,23,37,13,10,7
SAMEDI  ,02/04/2011,5,24,7,46,35,3
MERCREDI,30/03/2011,15,23,27,43,29,10
LUNDI   ,28/03/2011,15,10,16,46,43,1
SAMEDI  ,26/03/2011,17,26,34,4,30,9
MERCREDI,23/03/2011,13,4,24,21,10,5
LUNDI   ,21/03/2011,28,23,3,40,31,1
SAMEDI  ,19/03/2011,26,10,11,23,1,8
MERCREDI,16/03/2011,23,20,32,7,14,4
LUNDI   ,14/03/2011,32,38,36,34,27,7
SAMEDI  ,12/03/2011,15,34,22,33,16,9
MERCREDI,09/03/2011,9,43,3,29,15,8
LUNDI   ,07/03/2011,7,38,23,9,17,5
SAMEDI  ,05/03/2011,11,45,44,27,31,2
MERCREDI,02/03/2011,20,22,40,2,3,7
LUNDI   ,28/02/2011,20,49,40,17,31,6
SAMEDI  ,26/02/2011,35,24,10,26,48,1
MERCREDI,23/02/2011,5,2,33,21,28,10
LUNDI   ,21/02/2011,36,20,21,9,46,6
SAMEDI  ,19/02/2011,25,2,49,32,1,6
MERCREDI,16/02/2011,44,35,32,8,33,9
LUNDI   ,14/02/2011,31,35,40,9,48,1
SAMEDI  ,12/02/2011,13,38,2,45,4,2
MERCREDI,09/02/2011,15,31,41,27,43,7
LUNDI   ,07/02/2011,6,8,49,35,25,1
SAMEDI  ,05/02/2011,31,22,37,6,1,7
MERCREDI,02/02/2011,27,6,44,23,22,3
LUNDI   ,31/01/2011,20,10,13,43,3,5
SAMEDI  ,29/01/2011,14,33,44,31,12,8
MERCREDI,26/01/2011,23,45,6,48,17,1
LUNDI   ,24/01/2011,3,39,6,48,9,4
SAMEDI  ,22/01/2011,13,27,6,31,8,7
MERCREDI,19/01/2011,36,4,12,13,1,4
LUNDI   ,17/01/2011,48,49,36,24,21,5
SAMEDI  ,15/01/2011,26,43,6,36,29,8
MERCREDI,12/01/2011,41,40,30,28,17,7
LUNDI   ,10/01/2011,35,33,40,37,11,4
SAMEDI  ,08/01/2011,47,34,12,30,31,10
MERCREDI,05/01/2011,27,47,4,5,32,5
LUNDI   ,03/01/2011,34,37,10,18,30,2
SAMEDI  ,01/01/2011,43,49,46,34,11,3
MERCREDI,29/12/2010,47,15,46,29,11,3
LUNDI   ,27/12/2010,30,44,42,39,13,9
SAMEDI  ,25/12/2010,16,30,29,7,10,5
MERCREDI,22/12/2010,8,18,36,1,29,9
LUNDI   ,20/12/2010,32,23,9,6,13,4
SAMEDI  ,18/12/2010,35,41,40,11,22,7
MERCREDI,15/12/2010,37,6,16,28,4,8
LUNDI   ,13/12/2010,6,14,49,40,9,3
SAMEDI  ,11/12/2010,38,3,9,11,28,1
MERCREDI,08/12/2010,19,15,44,4,24,1
LUNDI   ,06/12/2010,13,30,33,25,36,9
SAMEDI  ,04/12/2010,33,12,24,7,15,6
MERCREDI,01/12/2010,34,14,32,31,46,3
LUNDI   ,29/11/2010,15,23,16,41,30,8
SAMEDI  ,27/11/2010,9,43,15,44,10,5
MERCREDI,24/11/2010,32,20,22,47,14,5
LUNDI   ,22/11/2010,4,21,17,23,26,2
SAMEDI  ,20/11/2010,27,12,11,29,1,2
MERCREDI,17/11/2010,30,38,4,9,46,10
LUNDI   ,15/11/2010,33,47,14,20,17,1
SAMEDI  ,13/11/2010,5,17,25,38,29,2
MERCREDI,10/11/2010,47,48,20,39,16,4
LUNDI   ,08/11/2010,35,6,9,14,47,9
SAMEDI  ,06/11/2010,24,19,35,7,42,3
MERCREDI,03/11/2010,46,33,15,6,49,1
LUNDI   ,01/11/2010,17,24,28,1,15,10
SAMEDI  ,30/10/2010,38,35,4,22,14,5
MERCREDI,27/10/2010,32,13,15,46,3,5
LUNDI   ,25/10/2010,4,36,40,10,41,10
SAMEDI  ,23/10/2010,47,49,9,16,14,7
MERCREDI,20/10/2010,13,24,33,18,11,7
LUNDI   ,18/10/2010,1,31,38,26,29,5
SAMEDI  ,16/10/2010,37,22,46,13,1,9
MERCREDI,13/10/2010,33,22,9,44,25,3
LUNDI   ,11/10/2010,9,20,35,4,1,8
SAMEDI  ,09/10/2010,17,43,23,2,26,3
MERCREDI,06/10/2010,33,6,43,25,37,1
LUNDI   ,04/10/2010,7,46,31,29,9,8
SAMEDI  ,02/10/2010,35,13,16,41,7,1
MERCREDI,29/09/2010,41,32,33,25,26,3
LUNDI   ,27/09/2010,15,1,23,22,46,9
SAMEDI  ,25/09/2010,42,5,12,29,21,2
MERCREDI,22/09/2010,37,38,2,14,17,1
LUNDI   ,20/09/2010,1,37,25,45,17,9
SAMEDI  ,18/09/2010,7,43,33,11,1,1
MERCREDI,15/09/2010,40,1,30,8,38,6
LUNDI   ,13/09/2010,33,39,25,43,8,8
SAMEDI  ,11/09/2010,36,41,45,13,7,5
MERCREDI,08/09/2010,24,47,21,44,13,3
LUNDI   ,06/09/2010,29,22,17,19,43,8
SAMEDI  ,04/09/2010,11,42,9,49,15,3
MERCREDI,01/09/2010,20,39,33,21,16,2
LUNDI   ,30/08/2010,22,49,28,3,16,4
SAMEDI  ,28/08/2010,13,16,18,20,19,2
MERCREDI,25/08/2010,39,49,23,19,36,3
LUNDI   ,23/08/2010,49,41,9,28,16,5
SAMEDI  ,21/08/2010,8,44,14,48,29,7
MERCREDI,18/08/2010,49,43,46,27,23,6
LUNDI   ,16/08/2010,13,22,40,28,31,9
SAMEDI  ,14/08/2010,21,27,9,49,11,5
MERCREDI,11/08/2010,7,22,8,26,5,2
LUNDI   ,09/08/2010,7,15,18,8,25,6
SAMEDI  ,07/08/2010,43,6,46,27,5,7
MERCREDI,04/08/2010,32,8,46,22,9,8
LUNDI   ,02/08/2010,16,32,44,38,37,3
SAMEDI  ,31/07/2010,2,25,44,28,8,4
MERCREDI,28/07/2010,25,37,7,10,47,10
LUNDI   ,26/07/2010,4,42,37,23,43,7
SAMEDI  ,24/07/2010,18,43,16,7,33,5
MERCREDI,21/07/2010,43,45,21,3,9,1
LUNDI   ,19/07/2010,27,24,16,10,47,5
SAMEDI  ,17/07/2010,32,28,47,20,22,6
MERCREDI,14/07/2010,48,30,5,26,11,1
LUNDI   ,12/07/2010,47,11,15,24,38,6
SAMEDI  ,10/07/2010,27,32,12,42,30,7
MERCREDI,07/07/2010,20,47,49,26,31,10
LUNDI   ,05/07/2010,39,33,43,22,31,10
SAMEDI  ,03/07/2010,10,46,2,33,28,8
MERCREDI,30/06/2010,14,44,28,18,17,2
LUNDI   ,28/06/2010,41,49,42,19,12,8
SAMEDI  ,26/06/2010,47,16,11,37,7,10
MERCREDI,23/06/2010,16,27,41,1,35,1
LUNDI   ,21/06/2010,45,35,24,37,48,2
SAMEDI  ,19/06/2010,21,23,19,36,49,4
MERCREDI,16/06/2010,40,48,15,9,3,10
LUNDI   ,14/06/2010,15,48,23,49,45,2
SAMEDI  ,12/06/2010,30,43,48,24,15,7
MERCREDI,09/06/2010,14,48,44,24,20,10
LUNDI   ,07/06/2010,29,48,42,28,26,1
SAMEDI  ,05/06/2010,37,43,31,45,22,5
MERCREDI,02/06/2010,43,11,14,23,17,10
LUNDI   ,31/05/2010,46,49,32,5,33,1
SAMEDI  ,29/05/2010,33,21,49,26,46,1
MERCREDI,26/05/2010,47,3,35,22,6,1
LUNDI   ,24/05/2010,8,35,29,12,3,1
SAMEDI  ,22/05/2010,2,48,40,46,17,10
MERCREDI,19/05/2010,24,12,17,38,30,7
LUNDI   ,17/05/2010,9,27,26,29,36,5
SAMEDI  ,15/05/2010,32,31,44,27,9,8
MERCREDI,12/05/2010,28,22,27,14,23,4
LUNDI   ,10/05/2010,41,4,35,33,10,5
SAMEDI  ,08/05/2010,16,29,31,39,1,2
MERCREDI,05/05/2010,10,30,18,27,4,1
LUNDI   ,03/05/2010,8,11,12,26,48,6
SAMEDI  ,01/05/2010,39,28,3,42,6,5
MERCREDI,28/04/2010,34,49,9,25,38,1
LUNDI   ,26/04/2010,29,24,4,46,7,10
SAMEDI  ,24/04/2010,17,34,27,3,41,4
MERCREDI,21/04/2010,24,26,35,9,1,4
LUNDI   ,19/04/2010,44,22,17,38,2,8
SAMEDI  ,17/04/2010,24,42,16,9,32,3
MERCREDI,14/04/2010,9,12,29,2,21,7
LUNDI   ,12/04/2010,4,36,11,31,46,10
SAMEDI  ,10/04/2010,33,13,49,36,22,4
MERCREDI,07/04/2010,28,11,2,33,43,1
LUNDI   ,05/04/2010,17,18,36,21,47,6
SAMEDI  ,03/04/2010,35,39,20,48,42,2
MERCREDI,31/03/2010,46,28,21,39,49,1
LUNDI   ,29/03/2010,2,44,41,34,46,2
SAMEDI  ,27/03/2010,43,42,9,21,46,6
MERCREDI,24/03/2010,28,9,35,8,42,6
LUNDI   ,22/03/2010,44,34,25,47,29,9
SAMEDI  ,20/03/2010,15,36,28,49,2,3
MERCREDI,17/03/2010,46,1,24,18,9,7
LUNDI   ,15/03/2010,18,15,1,4,38,6
SAMEDI  ,13/03/2010,32,37,16,6,8,7
MERCREDI,10/03/2010,36,13,44,1,48,2
LUNDI   ,08/03/2010,23,11,43,49,10,10
SAMEDI  ,06/03/2010,5,18,26,9,36,9
MERCREDI,03/03/2010,17,37,23,25,2,7
LUNDI   ,01/03/2010,19,11,8,48,49,7
SAMEDI  ,27/02/2010,13,40,2,10,35,1
MERCREDI,24/02/2010,45,2,1,27,31,8
LUNDI   ,22/02/2010,41,48,18,11,24,2
SAMEDI  ,20/02/2010,34,49,36,39,23,8
MERCREDI,17/02/2010,23,40,26,22,29,5
LUNDI   ,15/02/2010,48,39,24,8,15,8
SAMEDI  ,13/02/2010,1,7,38,3,14,5
MERCREDI,10/02/2010,6,45,19,12,11,10
LUNDI   ,08/02/2010,36,13,24,7,42,4
SAMEDI  ,06/02/2010,16,37,18,5,34,5
MERCREDI,03/02/2010,44,48,7,30,13,7
LUNDI   ,01/02/2010,29,1,39,40,18,2
SAMEDI  ,30/01/2010,44,26,18,21,47,3
MERCREDI,27/01/2010,10,15,43,45,5,9
LUNDI   ,25/01/2010,6,8,31,45,36,9
SAMEDI  ,23/01/2010,24,39,2,13,48,1
MERCREDI,20/01/2010,13,37,48,45,28,9
LUNDI   ,18/01/2010,8,7,22,28,38,10
SAMEDI  ,16/01/2010,21,38,32,3,33,10
MERCREDI,13/01/2010,31,4,14,37,7,8
LUNDI   ,11/01/2010,24,20,31,36,6,4
SAMEDI  ,09/01/2010,35,4,14,23,46,7
MERCREDI,06/01/2010,19,49,31,44,38,3
LUNDI   ,04/01/2010,33,21,41,18,32,9
SAMEDI  ,02/01/2010,43,5,23,49,17,4
MERCREDI,30/12/2009,21,39,5,2,15,10
LUNDI   ,28/12/2009,23,12,15,27,46,6
SAMEDI  ,26/12/2009,7,6,41,25,16,5
MERCREDI,23/12/2009,24,44,18,17,15,6
LUNDI   ,21/12/2009,38,42,28,3,27,9
SAMEDI  ,19/12/2009,40,15,16,6,9,6
MERCREDI,16/12/2009,39,15,23,49,30,5
LUNDI   ,14/12/2009,46,8,26,13,38,2
SAMEDI  ,12/12/2009,4,30,13,18,39,1
MERCREDI,09/12/2009,1,31,11,22,23,1
LUNDI   ,07/12/2009,20,42,43,33,19,5
SAMEDI  ,05/12/2009,28,22,7,16,39,7
MERCREDI,02/12/2009,10,47,20,28,21,6
LUNDI   ,30/11/2009,12,43,7,23,27,6
SAMEDI  ,28/11/2009,35,37,41,15,39,4
MERCREDI,25/11/2009,14,33,39,15,11,6
LUNDI   ,23/11/2009,13,12,3,37,30,8
SAMEDI  ,21/11/2009,20,33,46,40,12,6
MERCREDI,18/11/2009,24,20,22,19,1,6
LUNDI   ,16/11/2009,20,32,36,19,27,7
SAMEDI  ,14/11/2009,39,16,47,28,24,9
MERCREDI,11/11/2009,41,47,22,17,7,6
LUNDI   ,09/11/2009,3,2,29,48,1,9
SAMEDI  ,07/11/2009,1,41,13,3,18,1
MERCREDI,04/11/2009,33,18,19,22,23,1
LUNDI   ,02/11/2009,17,34,23,40,9,9
SAMEDI  ,31/10/2009,23,39,36,27,30,2
MERCREDI,28/10/2009,8,11,7,37,30,3
LUNDI   ,26/10/2009,49,47,42,1,3,7
SAMEDI  ,24/10/2009,39,28,15,38,27,10
MERCREDI,21/10/2009,10,49,26,15,1,7
LUNDI   ,19/10/2009,4,31,11,3,6,1
SAMEDI  ,17/10/2009,12,49,8,20,16,5
MERCREDI,14/10/2009,6,35,36,42,24,2
LUNDI   ,12/10/2009,38,7,48,43,28,5
SAMEDI  ,10/10/2009,3,38,1,23,16,3
MERCREDI,07/10/2009,4,1,21,12,46,8
LUNDI   ,05/10/2009,21,12,20,11,32,4
SAMEDI  ,03/10/2009,47,15,49,7,9,7
MERCREDI,30/09/2009,33,35,40,5,2,4
LUNDI   ,28/09/2009,30,20,16,3,44,4
SAMEDI  ,26/09/2009,2,37,43,21,25,9
MERCREDI,23/09/2009,24,42,4,47,5,6
LUNDI   ,21/09/2009,3,4,38,46,7,2
SAMEDI  ,19/09/2009,12,27,38,33,19,7
MERCREDI,16/09/2009,40,7,21,25,30,1
LUNDI   ,14/09/2009,9,18,43,32,22,1
SAMEDI  ,12/09/2009,41,11,4,29,7,4
MERCREDI,09/09/2009,1,12,23,22,7,4
LUNDI   ,07/09/2009,8,21,4,31,39,2
SAMEDI  ,05/09/2009,1,37,17,44,20,8
MERCREDI,02/09/2009,17,5,12,6,15,1
LUNDI   ,31/08/2009,16,13,1,5,20,2
SAMEDI  ,29/08/2009,34,7,27,23,19,7
MERCREDI,26/08/2009,44,31,7,38,14,1
LUNDI   ,24/08/2009,22,18,33,28,11,2
SAMEDI  ,22/08/2009,31,21,8,27,29,10
MERCREDI,19/08/2009,35,42,7,33,28,10
LUNDI   ,17/08/2009,2,9,17,14,25,9
SAMEDI  ,15/08/2009,1,41,32,24,27,9
MERCREDI,12/08/2009,6,33,17,34,39,5
LUNDI   ,10/08/2009,5,22,31,2,24,6
SAMEDI  ,08/08/2009,41,20,16,38,2,9
MERCREDI,05/08/2009,40,10,29,20,43,7
LUNDI   ,03/08/2009,9,38,18,26,49,8
SAMEDI  ,01/08/2009,44,10,18,45,22,6
MERCREDI,29/07/2009,16,25,14,35,3,3
LUNDI   ,27/07/2009,18,47,7,13,48,4
SAMEDI  ,25/07/2009,27,40,3,14,33,9
MERCREDI,22/07/2009,24,35,45,28,17,6
LUNDI   ,20/07/2009,27,23,44,34,5,1
SAMEDI  ,18/07/2009,44,14,26,34,9,9
MERCREDI,15/07/2009,4,1,23,14,25,10
LUNDI   ,13/07/2009,26,2,20,34,18,1
SAMEDI  ,11/07/2009,14,17,35,5,42,1
MERCREDI,08/07/2009,16,4,10,6,5,3
LUNDI   ,06/07/2009,12,31,32,44,45,2
SAMEDI  ,04/07/2009,39,4,8,43,27,3
MERCREDI,01/07/2009,34,5,28,13,29,4
LUNDI   ,29/06/2009,35,43,9,28,10,8
SAMEDI  ,27/06/2009,13,4,3,41,6,8
MERCREDI,24/06/2009,17,21,22,16,4,1
LUNDI   ,22/06/2009,36,17,42,28,41,4
SAMEDI  ,20/06/2009,26,27,49,21,33,7
MERCREDI,17/06/2009,3,27,41,8,37,2
LUNDI   ,15/06/2009,49,11,41,21,40,4
SAMEDI  ,13/06/2009,39,16,46,28,24,4
MERCREDI,10/06/2009,45,42,27,49,48,7
LUNDI   ,08/06/2009,31,29,41,25,22,5
SAMEDI  ,06/06/2009,32,46,13,33,15,10
MERCREDI,03/06/2009,46,21,32,26,14,6
LUNDI   ,01/06/2009,18,26,47,24,35,1
SAMEDI  ,30/05/2009,30,25,34,14,10,9
MERCREDI,27/05/2009,7,48,5,3,23,7
LUNDI   ,25/05/2009,46,40,6,3,25,4
SAMEDI  ,23/05/2009,38,13,33,3,25,3
MERCREDI,20/05/2009,35,28,15,3,23,10
LUNDI   ,18/05/2009,49,26,35,34,28,4
SAMEDI  ,16/05/2009,1,2,26,44,7,9
MERCREDI,13/05/2009,38,36,49,39,12,10
LUNDI   ,11/05/2009,15,27,48,9,34,6
SAMEDI  ,09/05/2009,45,28,22,30,20,3
MERCREDI,06/05/2009,48,36,13,20,44,1
LUNDI   ,04/05/2009,33,1,23,12,46,1
SAMEDI  ,02/05/2009,7,15,11,5,23,1
MERCREDI,29/04/2009,4,30,29,26,15,3
LUNDI   ,27/04/2009,9,37,21,34,4,2
SAMEDI  ,25/04/2009,34,23,49,9,20,8
MERCREDI,22/04/2009,2,31,49,33,43,9
LUNDI   ,20/04/2009,11,34,38,43,12,3
SAMEDI  ,18/04/2009,31,20,45,12,32,8
MERCREDI,15/04/2009,23,43,37,12,39,8
LUNDI   ,13/04/2009,20,24,30,11,9,1
SAMEDI  ,11/04/2009,21,5,2,23,19,7
MERCREDI,08/04/2009,46,33,10,34,7,6
LUNDI   ,06/04/2009,43,33,48,31,28,7
SAMEDI  ,04/04/2009,37,41,27,8,45,6
MERCREDI,01/04/2009,37,27,30,22,45,3
LUNDI   ,30/03/2009,32,47,45,29,24,10
SAMEDI  ,28/03/2009,19,26,23,22,27,2
MERCREDI,25/03/2009,10,34,15,33,5,7
LUNDI   ,23/03/2009,1,25,10,2,33,4
SAMEDI  ,21/03/2009,45,32,15,2,39,10
MERCREDI,18/03/2009,42,3,39,20,34,2
LUNDI   ,16/03/2009,27,45,35,36,44,2
SAMEDI  ,14/03/2009,27,18,20,11,38,6
MERCREDI,11/03/2009,4,7,11,22,8,5
LUNDI   ,09/03/2009,27,32,5,40,3,9
SAMEDI  ,07/03/2009,36,15,24,2,22,8
MERCREDI,04/03/2009,7,9,29,25,10,6
LUNDI   ,02/03/2009,41,29,14,48,8,10
SAMEDI  ,28/02/2009,45,14,41,25,16,10
MERCREDI,25/02/2009,15,4,21,30,36,4
LUNDI   ,23/02/2009,3,14,34,31,22,7
SAMEDI  ,21/02/2009,47,21,48,39,40,5
MERCREDI,18/02/2009,28,40,10,23,43,9
LUNDI   ,16/02/2009,46,23,29,21,16,4
SAMEDI  ,14/02/2009,12,24,18,44,16,4
MERCREDI,11/02/2009,35,46,10,1,14,8
LUNDI   ,09/02/2009,17,13,31,3,46,5
SAMEDI  ,07/02/2009,4,16,34,22,49,10
MERCREDI,04/02/2009,20,43,47,27,10,3
LUNDI   ,02/02/2009,4,38,12,31,41,8
SAMEDI  ,31/01/2009,6,31,40,18,36,7
MERCREDI,28/01/2009,40,7,41,38,46,5
LUNDI   ,26/01/2009,39,8,13,49,10,10
SAMEDI  ,24/01/2009,5,40,15,20,28,10
MERCREDI,21/01/2009,32,47,10,35,3,3
LUNDI   ,19/01/2009,39,38,7,32,26,9
SAMEDI  ,17/01/2009,2,46,27,37,5,4
MERCREDI,14/01/2009,5,42,1,19,13,3
LUNDI   ,12/01/2009,47,11,29,4,9,8
SAMEDI  ,10/01/2009,49,40,21,10,44,2
MERCREDI,07/01/2009,37,39,9,33,11,8
LUNDI   ,05/01/2009,8,29,36,25,11,2
SAMEDI  ,03/01/2009,47,22,24,12,38,1
MERCREDI,31/12/2008,11,5,20,30,24,8
LUNDI   ,29/12/2008,26,38,14,21,27,4
SAMEDI  ,27/12/2008,36,47,17,49,37,10
MERCREDI,24/12/2008,33,27,2,41,4,5
LUNDI   ,22/12/2008,5,27,2,35,48,3
SAMEDI  ,20/12/2008,41,46,2,22,26,5
MERCREDI,17/12/2008,49,44,31,13,33,9
LUNDI   ,15/12/2008,48,5,15,2,27,8
SAMEDI  ,13/12/2008,24,38,8,42,31,7
MERCREDI,10/12/2008,41,38,10,35,11,3
LUNDI   ,08/12/2008,29,15,1,31,11,8
SAMEDI  ,06/12/2008,48,2,5,13,24,4
MERCREDI,03/12/2008,26,29,34,42,31,10
LUNDI   ,01/12/2008,32,15,19,37,38,1
SAMEDI  ,29/11/2008,18,36,20,32,22,7
MERCREDI,26/11/2008,49,11,13,25,28,5
LUNDI   ,24/11/2008,43,36,31,30,17,8
SAMEDI  ,22/11/2008,45,12,30,36,20,6
MERCREDI,19/11/2008,34,26,37,41,2,4
LUNDI   ,17/11/2008,1,6,19,23,41,6
SAMEDI  ,15/11/2008,41,10,48,43,22,3
MERCREDI,12/11/2008,45,35,34,40,23,5
LUNDI   ,10/11/2008,12,9,21,45,38,6
SAMEDI  ,08/11/2008,25,35,33,5,22,9
MERCREDI,05/11/2008,47,4,38,15,8,7
LUNDI   ,03/11/2008,26,2,23,20,24,8
SAMEDI  ,01/11/2008,22,4,27,36,45,3
MERCREDI,29/10/2008,43,28,22,41,49,4
LUNDI   ,27/10/2008,46,37,44,4,6,2
SAMEDI  ,25/10/2008,13,11,22,46,19,3
MERCREDI,22/10/2008,11,28,12,48,14,2
LUNDI   ,20/10/2008,43,7,48,31,15,3
SAMEDI  ,18/10/2008,44,35,4,32,39,10
MERCREDI,15/10/2008,49,28,18,20,40,1
LUNDI   ,13/10/2008,11,10,41,37,48,4
SAMEDI  ,11/10/2008,46,22,10,39,20,4
MERCREDI,08/10/2008,24,48,32,41,22,1
LUNDI   ,06/10/2008,19,33,41,24,27,9
